run,model_size,batch_size,context_length,mode,dtype,warmup,steps,mean_ms,stdev_ms,cv,peak_memory_gib,raw_timings_ms,losses
small_bs4_ctx512_bf16_forward_backward_w5,small,4,512,forward_backward,bf16,5,10,50.988,1.185,0.0232,3.2414,50.608;50.539;50.669;50.633;54.341;50.868;50.537;50.623;50.686;50.376,9.27096;9.27096;9.27096;9.27096;9.27096;9.27096;9.27096;9.27096;9.27096;9.27096
small_bs4_ctx512_bf16_forward_w5,small,4,512,forward,bf16,5,10,13.89,0.075,0.0054,0.8868,13.985;13.855;13.863;13.731;13.981;13.836;13.937;13.890;13.889;13.930,
small_bs4_ctx512_bf16_train_step_w5,small,4,512,train_step,bf16,5,10,62.676,1.697,0.0271,4.2126,62.377;62.065;62.318;67.488;61.953;62.073;61.975;62.072;62.292;62.144,6.79857;6.47884;5.97794;5.46735;4.95589;7.40060;4.01474;3.68275;2.89324;3.82552
small_bs4_ctx512_fp32_forward_backward_w5,small,4,512,forward_backward,fp32,5,10,82.487,0.366,0.0044,4.0601,82.326;82.222;82.232;82.315;82.478;82.307;83.167;83.162;82.421;82.245,9.27085;9.27085;9.27085;9.27085;9.27085;9.27085;9.27085;9.27085;9.27085;9.27085
small_bs4_ctx512_fp32_forward_w5,small,4,512,forward,fp32,5,10,24.463,0.036,0.0015,0.7116,24.501;24.439;24.423;24.437;24.451;24.456;24.544;24.447;24.473;24.463,
small_bs4_ctx512_fp32_train_step_w0,small,4,512,train_step,fp32,0,10,127.237,112.702,0.8858,5.0392,447.988;91.583;91.390;91.154;91.361;91.397;93.328;91.337;91.354;91.480,
small_bs4_ctx512_fp32_train_step_w1,small,4,512,train_step,fp32,1,10,91.577,0.343,0.0037,5.0343,92.131;92.207;91.223;91.393;91.328;91.502;91.678;91.627;91.385;91.297,
small_bs4_ctx512_fp32_train_step_w2,small,4,512,train_step,fp32,2,10,91.527,0.234,0.0026,5.0344,91.990;91.684;91.425;91.815;91.468;91.397;91.257;91.353;91.336;91.542,
small_bs4_ctx512_fp32_train_step_w5,small,4,512,train_step,fp32,5,10,92.057,0.159,0.0017,5.0335,91.833;92.312;91.909;92.121;91.979;91.956;92.304;92.032;91.998;92.124,6.78804;6.50586;5.98766;5.55368;5.31880;6.57463;4.79072;4.16060;3.99799;2.87102
