implementation,batch_size,sequence_length,head_dimension,dtype,causal,phase,p20_ms,p50_ms,p80_ms,peak_allocated_mib,peak_reserved_mib,speedup_vs_eager,status,triton_query_tile,triton_key_tile,triton_num_warps,triton_num_stages,compile_cold_start_ms,error
pytorch,1,512,64,bf16,True,forward,0.23756800591945648,0.2385919988155365,0.24473600089550018,10.3837890625,24.0,1.0,passed,,,,,,
pytorch,1,512,64,bf16,True,backward,0.4607999920845032,0.47411200404167175,0.4864000082015991,20.3798828125,26.0,1.0,passed,,,,,,
pytorch,1,512,64,bf16,True,forward_backward,2.437734365463257,2.4483840465545654,2.466815948486328,19.8798828125,26.0,1.0,passed,,,,,,
pytorch,1,512,128,bf16,True,forward,0.2303999960422516,0.2314240038394928,0.23347200453281403,10.6337890625,24.0,1.0,passed,,,,,,
pytorch,1,512,128,bf16,True,backward,0.45158401131629944,0.4567039906978607,0.4689919948577881,20.7548828125,26.0,1.0,passed,,,,,,
pytorch,1,512,128,bf16,True,forward_backward,2.382028818130493,2.3966718912124634,2.413363218307495,20.2548828125,26.0,1.0,passed,,,,,,
pytorch,1,2048,64,bf16,True,forward,0.24063999950885773,0.24166400730609894,0.24371199309825897,41.16015625,62.0,1.0,passed,,,,,,
pytorch,1,2048,64,bf16,True,backward,0.46489599347114563,0.4689919948577881,0.48230400681495667,77.76953125,104.0,1.0,passed,,,,,,
pytorch,1,2048,64,bf16,True,forward_backward,2.460671901702881,2.4755200147628784,2.487910509109497,69.76953125,104.0,1.0,passed,,,,,,
pytorch,1,2048,128,bf16,True,forward,0.23552000522613525,0.2375359982252121,0.24579200148582458,42.16015625,64.0,1.0,passed,,,,,,
pytorch,1,2048,128,bf16,True,backward,0.4628480076789856,0.47308799624443054,0.4864319860935211,79.26953125,106.0,1.0,passed,,,,,,
pytorch,1,2048,128,bf16,True,forward_backward,2.4305663108825684,2.4401919841766357,2.460057497024536,71.26953125,106.0,1.0,passed,,,,,,
pytorch,1,8192,64,bf16,True,forward,2.225152015686035,2.2364161014556885,2.239487886428833,524.265625,538.0,1.0,passed,,,,,,
pytorch,1,8192,64,bf16,True,backward,4.930560111999512,4.951039791107178,4.955135822296143,982.328125,1054.0,1.0,passed,,,,,,
pytorch,1,8192,64,bf16,True,forward_backward,6.8976640701293945,6.901792049407959,6.905241584777832,854.328125,1054.0,1.0,passed,,,,,,
pytorch,1,8192,128,bf16,True,forward,2.249727964401245,2.2527999877929688,2.268160104751587,528.265625,534.0,1.0,passed,,,,,,
pytorch,1,8192,128,bf16,True,backward,4.979302406311035,4.998144149780273,5.002438545227051,988.328125,1048.0,1.0,passed,,,,,,
pytorch,1,8192,128,bf16,True,forward_backward,6.980607986450195,6.987775802612305,6.993523120880127,860.328125,1048.0,1.0,passed,,,,,,
compiled,1,512,64,bf16,True,forward,0.14745600521564484,0.14950400590896606,0.15769599378108978,8.9375,22.0,1.5958903399606341,passed,,,,,2131.452108,
compiled,1,512,64,bf16,True,backward,0.38604798913002014,0.3906559944152832,0.4065279960632324,18.6318359375,24.0,1.2136304339865611,passed,,,,,2131.452108,
compiled,1,512,64,bf16,True,forward_backward,0.6472191929817199,0.6640639901161194,0.681984007358551,18.1318359375,24.0,3.686970055591234,passed,,,,,2131.452108,
compiled,1,512,128,bf16,True,forward,0.15052799880504608,0.1525759994983673,0.158720001578331,9.25,22.0,1.516778553641192,passed,,,,,2153.254496,
compiled,1,512,128,bf16,True,backward,0.39278080463409426,0.4044800102710724,0.41471999883651733,19.0068359375,24.0,1.1291138723809593,passed,,,,,2153.254496,
compiled,1,512,128,bf16,True,forward_backward,0.6553599834442139,0.6625279784202576,0.7035007953643799,18.5068359375,24.0,3.617465177738043,passed,,,,,2153.254496,
compiled,1,2048,64,bf16,True,forward,0.1443839967250824,0.14643199741840363,0.1515520066022873,17.375,22.0,1.65034972933946,passed,,,,,2167.128131,
compiled,1,2048,64,bf16,True,backward,0.37990400195121765,0.39423999190330505,0.40243199467658997,49.77734375,64.0,1.189610400998632,passed,,,,,2167.128131,
compiled,1,2048,64,bf16,True,forward_backward,0.6381568193435669,0.6696959733963013,1.165107250213623,41.77734375,64.0,3.696483349315223,passed,,,,,2167.128131,
compiled,1,2048,128,bf16,True,forward,0.13926400244235992,0.14028799533843994,0.1454080045223236,18.625,24.0,1.6932025983560797,passed,,,,,2166.94196,
compiled,1,2048,128,bf16,True,backward,0.3768320083618164,0.37990400195121765,0.39423999190330505,51.27734375,66.0,1.2452830025864754,passed,,,,,2166.94196,
compiled,1,2048,128,bf16,True,forward_backward,0.6492159962654114,0.6676480174064636,0.6782975792884827,43.27734375,66.0,3.6549078564716964,passed,,,,,2166.94196,
compiled,1,8192,64,bf16,True,forward,0.6031360030174255,0.6062080264091492,0.6103039979934692,141.125,154.0,3.6891891958326855,passed,,,,,2175.912371,
compiled,1,8192,64,bf16,True,backward,1.8012160062789917,1.8032640218734741,1.8094079494476318,534.359375,614.0,2.7455989422798828,passed,,,,,2175.912371,
compiled,1,8192,64,bf16,True,forward_backward,2.352128028869629,2.3562560081481934,2.3613440990448,406.359375,614.0,2.9291350454028766,passed,,,,,2175.912371,
compiled,1,8192,128,bf16,True,forward,0.6420480012893677,0.6451200246810913,0.6481919884681702,146.125,222.0,3.4920633395415344,passed,,,,,2456.201283,
compiled,1,8192,128,bf16,True,backward,1.8532416343688964,1.8575359582901,1.861631989479065,540.359375,608.0,2.690738840060554,passed,,,,,2456.201283,
compiled,1,8192,128,bf16,True,forward_backward,2.4268798828125,2.4319679737091064,2.437119960784912,412.359375,608.0,2.873300914384545,passed,,,,,2456.201283,
triton,1,512,64,bf16,True,forward,0.07168000191450119,0.07168000191450119,0.07577600330114365,0.314453125,2.0,3.3285713231442906,passed,64,64,4,2,,
triton,1,512,64,bf16,True,backward,0.4106239974498749,0.4341759979724884,0.5928959846496582,11.81640625,24.0,1.091981146483629,passed,64,64,4,2,,
triton,1,512,64,bf16,True,forward_backward,0.5447679758071899,0.5488640069961548,0.5922815799713135,11.81640625,24.0,4.460820923481904,passed,64,64,4,2,,
triton,1,512,128,bf16,True,forward,0.07680000364780426,0.07782399654388428,0.08195199817419052,0.626953125,2.0,2.973684391921389,passed,32,64,4,2,,
triton,1,512,128,bf16,True,backward,0.43212801218032837,0.44543999433517456,0.4607999920845032,12.50390625,26.0,1.0252873484777627,passed,32,64,4,2,,
triton,1,512,128,bf16,True,forward_backward,0.5591040253639221,0.5688319802284241,0.5877760052680969,12.50390625,26.0,4.213321287333457,passed,32,64,4,2,,
triton,1,2048,64,bf16,True,forward,0.10444799810647964,0.10547199845314026,0.10751999914646149,1.2578125,2.0,2.2912622387966497,passed,64,64,4,2,,
triton,1,2048,64,bf16,True,backward,0.4352000057697296,0.4556800127029419,0.6440960168838501,58.890625,72.0,1.0292134431700963,passed,64,64,4,2,,
triton,1,2048,64,bf16,True,forward_backward,0.5591040253639221,0.579584002494812,0.6008831858634949,58.890625,72.0,4.271201420513737,passed,64,64,4,2,,
triton,1,2048,128,bf16,True,forward,0.12083200365304947,0.1228799968957901,0.12697599828243256,2.5078125,4.0,1.933072951056936,passed,32,64,4,2,,
triton,1,2048,128,bf16,True,backward,0.4352000057697296,0.45158401131629944,0.6156543850898742,61.640625,76.0,1.0476190130501968,passed,32,64,4,2,,
triton,1,2048,128,bf16,True,forward_backward,0.6308032155036927,0.7199040055274963,1.782374382019043,61.640625,76.0,3.3896074552170745,passed,32,64,4,2,,
triton,1,8192,64,bf16,True,forward,0.26316800713539124,0.2744320034980774,0.27750399708747864,5.03125,6.0,8.14925399716129,passed,64,64,4,2,,
triton,1,8192,64,bf16,True,backward,2.953216075897217,2.9818880558013916,3.144089555740357,787.1875,798.0,1.6603707779957455,passed,64,64,4,2,,
triton,1,8192,64,bf16,True,forward_backward,3.015475273132324,3.0300159454345703,3.2311296463012695,787.1875,798.0,2.2778071712154278,passed,64,64,4,2,,
triton,1,8192,128,bf16,True,forward,0.37887999415397644,0.38092800974845886,0.3850240111351013,10.03125,22.0,5.913978311231504,passed,32,64,4,2,,
triton,1,8192,128,bf16,True,backward,3.3118207454681396,3.338239908218384,3.6263935565948486,798.1875,812.0,1.4972393498368364,passed,32,64,4,2,,
triton,1,8192,128,bf16,True,forward_backward,3.5356671810150146,3.8036481142044067,3.8195199966430664,798.1875,812.0,1.8371246742086995,passed,32,64,4,2,,
pytorch,1,16384,64,bf16,True,forward,8.756019020080567,8.764415740966797,8.80128002166748,2064.40625,2070.0,1.0,passed,,,,,,
pytorch,1,16384,64,bf16,True,backward,18.8538875579834,18.867199897766113,18.877439498901367,3868.40625,4120.0,1.0,passed,,,,,,
pytorch,1,16384,64,bf16,True,forward_backward,27.36844825744629,27.374591827392578,27.380735397338867,3356.40625,4120.0,1.0,passed,,,,,,
pytorch,1,16384,128,bf16,True,forward,8.830540466308594,8.858112335205078,8.866214561462403,2072.40625,2090.0,1.0,passed,,,,,,
pytorch,1,16384,128,bf16,True,backward,19.01363182067871,19.03667163848877,19.038240432739258,3880.40625,4138.0,1.0,passed,,,,,,
pytorch,1,16384,128,bf16,True,forward_backward,27.58348846435547,27.586559295654297,27.589632034301758,3368.40625,4138.0,1.0,passed,,,,,,
triton,1,16384,64,bf16,True,forward,0.6215680241584778,0.6574079990386963,0.6625279784202576,10.0625,22.0,13.331775326407165,passed,64,64,4,2,,
triton,1,16384,64,bf16,True,backward,11.088895797729492,11.133952140808105,11.36660499572754,3102.25,3116.0,1.6945644869995575,passed,64,64,4,2,,
triton,1,16384,64,bf16,True,forward_backward,11.456512451171875,11.522047996520996,11.571200370788574,3102.25,3116.0,2.3758442800844217,passed,64,64,4,2,,
triton,1,16384,128,bf16,True,forward,1.2431360483169556,1.2492799758911133,1.3189120292663574,20.0625,22.0,7.090574175645914,passed,32,64,4,2,,
triton,1,16384,128,bf16,True,backward,12.098560333251953,12.138496398925781,12.244992446899413,3124.25,3154.0,1.5682891037619333,passed,32,64,4,2,,
triton,1,16384,128,bf16,True,forward_backward,13.207551956176758,13.225983619689941,13.27757453918457,3124.25,3154.0,2.085785079499517,passed,32,64,4,2,,
