impl,phase,batch_size,seq_len,head_dim,dtype,is_causal,p20_ms,p50_ms,p80_ms,peak_allocated_mib,peak_reserved_mib,q_tile_size,k_tile_size,speed_up,status
eager,forward,1,512,64,torch.bfloat16,True,0.060416001826524734,0.06364800035953522,0.06656000018119812,253.828125,268.0,,,1.0,success
compiled,forward,1,512,64,torch.bfloat16,True,0.043007999658584595,0.04598399996757507,0.053247999399900436,253.765625,268.0,,,1.3841336204857266,success
triton,forward,1,512,64,torch.bfloat16,True,0.023552000522613525,0.023552000522613525,0.02457600086927414,252.705078125,268.0,32,32,2.702445607472851,success
eager,backward,1,512,64,torch.bfloat16,True,1.1564991474151611,1.2718080282211304,1.3039616346359253,263.0791015625,270.0,,,1.0,success
compiled,backward,1,512,64,torch.bfloat16,True,0.42974722385406494,0.6123200058937073,0.7942144274711609,262.7041015625,270.0,,,2.0770316435519236,success
triton,backward,1,512,64,torch.bfloat16,True,0.9850879907608032,1.0158079862594604,1.0680320262908936,266.8408203125,274.0,32,32,1.2520161737498703,success
eager,forward_backward,1,512,64,torch.bfloat16,True,2.2702078819274902,2.2896640300750732,2.312191963195801,263.140625,274.0,,,1.0,success
compiled,forward_backward,1,512,64,torch.bfloat16,True,1.9619840383529663,1.9788800477981567,1.9943424463272095,262.703125,274.0,,,1.1570504400318335,success
triton,forward_backward,1,512,64,torch.bfloat16,True,2.9286398887634277,2.949120044708252,2.973695993423462,266.77734375,274.0,32,32,0.7763888873169228,success
eager,forward,1,512,128,torch.bfloat16,True,0.17203199863433838,0.1740799993276596,0.1955839991569519,262.265625,274.0,,,1.0,success
compiled,forward,1,512,128,torch.bfloat16,True,0.06860800087451935,0.07065600156784058,0.07372800260782242,262.140625,274.0,,,2.463768051755889,success
triton,forward,1,512,128,torch.bfloat16,True,0.03388800099492073,0.03481600061058998,0.03481600061058998,261.267578125,274.0,32,32,4.999999893000625,success
eager,backward,1,512,128,torch.bfloat16,True,1.3148159980773926,1.4387199878692627,1.5212544202804565,263.5166015625,274.0,,,1.0,success
compiled,backward,1,512,128,torch.bfloat16,True,1.1458560228347778,1.2769279479980469,1.3271039724349976,263.2666015625,274.0,,,1.1267041261998154,success
triton,backward,1,512,128,torch.bfloat16,True,1.6379903554916382,1.772544026374817,1.8952192068099976,268.1533203125,276.0,32,32,0.8116695362493835,success
eager,forward_backward,1,512,128,torch.bfloat16,True,2.284543991088867,2.3065600395202637,2.3244800567626953,263.640625,276.0,,,1.0,success
compiled,forward_backward,1,512,128,torch.bfloat16,True,2.026495933532715,2.040832042694092,2.062335968017578,263.265625,276.0,,,1.1302057157410101,success
triton,forward_backward,1,512,128,torch.bfloat16,True,2.909388780593872,2.9271039962768555,2.9409279823303223,268.02734375,276.0,32,32,0.7880007141714487,success
eager,forward,1,2048,64,torch.bfloat16,True,0.18432000279426575,0.18851199746131897,0.2166784107685089,281.640625,316.0,,,1.0,success
compiled,forward,1,2048,64,torch.bfloat16,True,0.45046401023864746,0.4505600035190582,0.45158401131629944,281.390625,316.0,,,0.41839487746129933,success
triton,forward,1,2048,64,torch.bfloat16,True,0.07065600156784058,0.07168000191450119,0.07168000191450119,262.1484375,316.0,32,32,2.6299106086265622,success
eager,backward,1,2048,64,torch.bfloat16,True,1.2996608018875122,1.3937599658966064,1.4827519655227661,298.1416015625,316.0,,,1.0,success
compiled,backward,1,2048,64,torch.bfloat16,True,1.0975040197372437,1.1980479955673218,1.2986561059951782,290.6416015625,316.0,,,1.1633590399160991,success
triton,backward,1,2048,64,torch.bfloat16,True,1.6994816064834595,1.7889280319213867,1.9378175735473633,349.1884765625,380.0,32,32,0.7791034301137578,success
eager,forward_backward,1,2048,64,torch.bfloat16,True,2.279423952102661,2.2999041080474854,2.317312002182007,298.390625,380.0,,,1.0,success
compiled,forward_backward,1,2048,64,torch.bfloat16,True,2.051071882247925,2.0663681030273438,2.0879359245300293,290.640625,380.0,,,1.1130176199864867,success
triton,forward_backward,1,2048,64,torch.bfloat16,True,2.9521663188934326,2.9716479778289795,2.985548734664917,348.9375,380.0,32,32,0.7739490428229472,success
eager,forward,1,2048,128,torch.bfloat16,True,0.17715199291706085,0.18031999468803406,0.19969919323921204,282.890625,380.0,,,1.0,success
compiled,forward,1,2048,128,torch.bfloat16,True,0.45772799849510193,0.45875200629234314,0.45977601408958435,282.390625,380.0,,,0.39306638927944826,success
triton,forward,1,2048,128,torch.bfloat16,True,0.11059200018644333,0.11059200018644333,0.11161600053310394,263.8984375,380.0,32,32,1.6304976344042847,success
eager,backward,1,2048,128,torch.bfloat16,True,1.3383680582046509,1.486847996711731,1.5278079509735107,299.8916015625,380.0,,,1.0,success
compiled,backward,1,2048,128,torch.bfloat16,True,1.1704319715499878,1.2907519340515137,1.341439962387085,292.8916015625,380.0,,,1.1519238960539038,success
triton,backward,1,2048,128,torch.bfloat16,True,1.7635327577590942,1.8821120262145996,2.0008959770202637,353.9384765625,386.0,32,32,0.7899891058568687,success
eager,forward_backward,1,2048,128,torch.bfloat16,True,2.263244867324829,2.2855679988861084,2.30297589302063,300.390625,386.0,,,1.0,success
compiled,forward_backward,1,2048,128,torch.bfloat16,True,2.037760019302368,2.0541439056396484,2.0772864818573,292.890625,386.0,,,1.1126620645277507,success
triton,forward_backward,1,2048,128,torch.bfloat16,True,2.841395139694214,2.8820481300354004,2.9642751216888428,353.4375,386.0,32,32,0.7930360270763537,success
eager,forward,1,8192,64,torch.bfloat16,True,1.8534400463104248,1.8554879426956177,1.8595839738845825,585.390625,770.0,,,1.0,success
compiled,forward,1,8192,64,torch.bfloat16,True,7.070720195770264,7.072768211364746,7.072768211364746,584.390625,770.0,,,0.26234253509314237,success
triton,forward,1,8192,64,torch.bfloat16,True,0.3819519877433777,0.3819519877433777,0.3819519877433777,267.421875,770.0,32,32,4.857908853042193,success
eager,backward,1,8192,64,torch.bfloat16,True,2.4678399562835693,2.4688639640808105,2.4698879718780518,843.3916015625,1026.0,,,1.0,success
compiled,backward,1,8192,64,torch.bfloat16,True,2.9265921115875244,2.9276158809661865,2.929644823074341,717.3916015625,1026.0,,,0.8433018758137163,success
triton,backward,1,8192,64,torch.bfloat16,True,7.403520107269287,7.409152030944824,7.411712169647217,1623.5791015625,2306.0,32,32,0.3332181542191918,success
eager,forward_backward,1,8192,64,torch.bfloat16,True,4.2485761642456055,4.250624179840088,4.25267219543457,844.390625,2306.0,,,1.0,success
compiled,forward_backward,1,8192,64,torch.bfloat16,True,9.909248352050781,9.911295890808105,9.912320137023926,717.390625,2306.0,,,0.42886664132206814,success
triton,forward_backward,1,8192,64,torch.bfloat16,True,7.763251304626465,7.768064022064209,7.769906997680664,1622.578125,2306.0,32,32,0.5471922177477844,success
eager,forward,1,8192,128,torch.bfloat16,True,1.884160041809082,1.8872319459915161,1.8903039693832397,590.390625,2306.0,,,1.0,success
compiled,forward,1,8192,128,torch.bfloat16,True,7.1045122146606445,7.106560230255127,7.1096320152282715,588.390625,2306.0,,,0.2655619434500683,success
triton,forward,1,8192,128,torch.bfloat16,True,0.8294399976730347,0.8294399976730347,0.8304640054702759,274.421875,2306.0,32,32,2.2753085832442133,success
eager,backward,1,8192,128,torch.bfloat16,True,2.510848045349121,2.5128960609436035,2.514944076538086,850.3916015625,2306.0,,,1.0,success
compiled,backward,1,8192,128,torch.bfloat16,True,2.9870080947875977,2.988032102584839,2.9900801181793213,726.3916015625,2306.0,,,0.8409869689049819,success
triton,backward,1,8192,128,torch.bfloat16,True,7.742873668670654,7.7557759284973145,7.7711358070373535,1642.5791015625,2306.0,32,32,0.32400317958005764,success
eager,forward_backward,1,8192,128,torch.bfloat16,True,4.319027423858643,4.321280002593994,4.324351787567139,852.390625,2306.0,,,1.0,success
compiled,forward_backward,1,8192,128,torch.bfloat16,True,10.00550365447998,10.009599685668945,10.048921585083008,726.390625,2306.0,,,0.43171356880344625,success
triton,forward_backward,1,8192,128,torch.bfloat16,True,8.548966407775879,8.562687873840332,8.573747634887695,1640.578125,2306.0,32,32,0.5046639637298745,success
eager,forward,1,16384,64,torch.bfloat16,True,7.47560977935791,7.477248191833496,7.478271961212158,1550.390625,3330.0,,,1.0,success
compiled,forward,1,16384,64,torch.bfloat16,True,28.125164031982422,28.12518310546875,28.1274356842041,1548.390625,3330.0,,,0.2658559826541928,success
triton,forward,1,16384,64,torch.bfloat16,True,1.3782912492752075,1.3793280124664307,1.3803520202636719,274.453125,3330.0,32,32,5.420935502109563,success
eager,backward,1,16384,64,torch.bfloat16,True,9.753241539001465,9.754752159118652,9.758106231689453,2578.3916015625,4354.0,,,1.0,success
compiled,backward,1,16384,64,torch.bfloat16,True,11.537407875061035,11.54150390625,11.54355239868164,2070.3916015625,4354.0,,,0.8451890012216017,success
triton,backward,1,16384,64,torch.bfloat16,True,29.569843292236328,29.57209587097168,29.584999084472656,5674.7666015625,9474.0,32,32,0.32986340236689254,success
eager,forward_backward,1,16384,64,torch.bfloat16,True,17.164697647094727,17.167360305786133,17.170406341552734,2580.390625,9474.0,,,1.0,success
compiled,forward_backward,1,16384,64,torch.bfloat16,True,39.73447799682617,39.737342834472656,39.73836898803711,2070.390625,9474.0,,,0.43202084188913675,success
triton,forward_backward,1,16384,64,torch.bfloat16,True,30.926029205322266,30.93401527404785,30.937702178955078,5672.765625,9474.0,32,32,0.5549670857048009,success
eager,forward,1,16384,128,torch.bfloat16,True,7.522304058074951,7.525375843048096,7.527423858642578,1560.390625,9474.0,,,1.0,success
compiled,forward,1,16384,128,torch.bfloat16,True,28.303359985351562,28.30489730834961,28.305612564086914,1556.390625,9474.0,,,0.265868332291324,success
triton,forward,1,16384,128,torch.bfloat16,True,3.2716801166534424,3.272576093673706,3.2730112075805664,288.453125,9474.0,32,32,2.2995266198990993,success
eager,backward,1,16384,128,torch.bfloat16,True,9.91187858581543,9.91641616821289,9.918463706970215,2592.3916015625,9474.0,,,1.0,success
compiled,backward,1,16384,128,torch.bfloat16,True,11.709440231323242,11.713536262512207,11.715583801269531,2088.3916015625,9474.0,,,0.8465774934209418,success
triton,backward,1,16384,128,torch.bfloat16,True,30.597196578979492,30.60633659362793,30.61473274230957,5712.7666015625,9474.0,32,32,0.3239987947553786,success
eager,forward_backward,1,16384,128,torch.bfloat16,True,17.380762100219727,17.38547134399414,17.38764762878418,2596.390625,9474.0,,,1.0,success
compiled,forward_backward,1,16384,128,torch.bfloat16,True,39.95791244506836,39.96160125732422,39.964263916015625,2088.390625,9474.0,,,0.4350544221700252,success
triton,forward_backward,1,16384,128,torch.bfloat16,True,33.84135818481445,33.85651397705078,33.880680084228516,5708.765625,9474.0,32,32,0.5135044723085982,success
