batch_size,causal,cv,dimension,dtype,implementation,kind,mean_seconds,memory_active_peak_bytes,memory_allocated_peak_bytes,memory_current_allocated_bytes,memory_current_reserved_bytes,memory_requested_peak_bytes,memory_reserved_peak_bytes,metadata_cuda,metadata_device,metadata_device_name,metadata_memory_total_mib,metadata_tf32,metadata_torch,metadata_triton,num_stages,num_warps,p20_seconds,p50_seconds,p80_seconds,phase,raw_seconds,sample_stdev_seconds,seed,sequence_length,source,speedup_vs_eager,status,steps,tile_k,tile_q,warmup
1,True,0.03418965388149486,128,bfloat16,compiled,attention,0.00048750732094049454,35784704,35784704,3671552,58720256,35782680,58720256,12.6,cuda:0,NVIDIA GeForce RTX 3090,24154.4,False,2.7.1+cu126,3.3.1,-,-,0.0004883632063865662,0.0004913061857223511,0.0004937481135129929,backward,"[0.0004989355802536011, 0.00046160444617271423, 0.00045590102672576904, 0.0004913676530122757, 0.0005121584981679916, 0.0004915371537208557, 0.0004937481135129929, 0.0004883632063865662, 0.0004912447184324265, 0.0004902128130197525]",1.6667706567650337e-05,0,2048,attention/core-compiled-2048-128-backward.json,1.3066406842376634,ok,10,-,-,5
1,True,0.010934580027208336,128,bfloat16,compiled,attention,0.00021763928234577178,24773632,24773632,1573888,48234496,24772624,48234496,12.6,cuda:0,NVIDIA GeForce RTX 3090,24154.4,False,2.7.1+cu126,3.3.1,-,-,0.00021530501544475555,0.0002179071307182312,0.0002193491905927658,forward,"[0.0002193152904510498, 0.00021948479115962982, 0.0002181604504585266, 0.000218220055103302, 0.00022228620946407318, 0.00021610036492347717, 0.0002176538109779358, 0.00021502934396266937, 0.0002153739333152771, 0.00021476857364177704]",2.379794149874032e-06,0,2048,attention/core-compiled-2048-128-forward.json,1.1108404280780935,ok,10,-,-,5
1,True,0.11740737860555633,128,bfloat16,compiled,attention,0.0010529020801186562,34736128,34736128,2098176,56623104,34734104,56623104,12.6,cuda:0,NVIDIA GeForce RTX 3090,24154.4,False,2.7.1+cu126,3.3.1,-,-,0.0010601159185171128,0.0011051250621676445,0.0011135902255773543,forward_backward,"[0.0007527843117713928, 0.0011118371039628983, 0.0009046401828527451, 0.0011072233319282532, 0.0011026076972484589, 0.0011175479739904404, 0.001112600788474083, 0.0010989848524332047, 0.0011177677661180496, 0.0011030267924070358]",0.00012361847315506887,0,2048,attention/core-compiled-2048-128-forward_backward.json,0.8047014248044233,ok,10,-,-,5
1,True,0.049585675951852,64,bfloat16,compiled,attention,0.0005178945139050484,32638976,32638976,1836544,52428800,32636952,52428800,12.6,cuda:0,NVIDIA GeForce RTX 3090,24154.4,False,2.7.1+cu126,3.3.1,-,-,0.0004881173372268677,0.0005285302177071571,0.0005373042076826096,backward,"[0.0004881173372268677, 0.00048221834003925323, 0.00047498755156993866, 0.0005291271954774857, 0.0005388390272855759, 0.0005373042076826096, 0.0005342159420251846, 0.0005421433597803116, 0.0005279332399368286, 0.0005240589380264282]",2.568014954373764e-05,0,2048,attention/core-compiled-2048-64-backward.json,1.2307169099831718,ok,10,-,-,5
1,True,0.018845362752859685,64,bfloat16,compiled,attention,0.00019334256649017334,22938624,22938624,787456,48234496,22937616,48234496,12.6,cuda:0,NVIDIA GeForce RTX 3090,24154.4,False,2.7.1+cu126,3.3.1,-,-,0.00019029900431632996,0.000192311592400074,0.00019577816128730775,forward,"[0.00019860640168190002, 0.00019507110118865967, 0.00019335374236106873, 0.00019286759197711945, 0.0001903250813484192, 0.0002003442496061325, 0.00019175559282302856, 0.0001912638545036316, 0.00018964335322380066, 0.00019019469618797302]",3.6436108010762095e-06,0,2048,attention/core-compiled-2048-64-forward.json,1.1750470960274682,ok,10,-,-,5
1,True,0.03404565576241805,64,bfloat16,compiled,attention,0.0007852848619222641,32114688,32114688,1049600,50331648,32112664,50331648,12.6,cuda:0,NVIDIA GeForce RTX 3090,24154.4,False,2.7.1+cu126,3.3.1,-,-,0.0007751781493425369,0.0007910570129752159,0.0007996827363967896,forward_backward,"[0.0007369592785835266, 0.00074036605656147, 0.000799037516117096, 0.0007904507219791412, 0.0008219853043556213, 0.000802263617515564, 0.0007916633039712906, 0.0007874835282564163, 0.0007838811725378036, 0.0007987581193447113]",2.6735538084443394e-05,0,2048,attention/core-compiled-2048-64-forward_backward.json,1.1744661763545883,ok,10,-,-,5
1,True,0.07225082291095863,128,bfloat16,compiled,attention,0.0004309985786676407,11405312,11405312,919040,29360128,11403288,29360128,12.6,cuda:0,NVIDIA GeForce RTX 3090,24154.4,False,2.7.1+cu126,3.3.1,-,-,0.0004325602203607559,0.0004373714327812195,0.0004441477358341217,backward,"[0.00034606829285621643, 0.0004441477358341217, 0.00043842941522598267, 0.00044496171176433563, 0.0004363134503364563, 0.0004345923662185669, 0.0004622824490070343, 0.0004392843693494797, 0.00043134577572345734, 0.0004325602203607559]",3.114000198219058e-05,0,512,attention/core-compiled-512-128-backward.json,1.4424262814506925,ok,10,-,-,5
1,True,0.05566723024289567,128,bfloat16,compiled,attention,0.00018270928412675858,10224640,10224640,394240,27262976,10223632,27262976,12.6,cuda:0,NVIDIA GeForce RTX 3090,24154.4,False,2.7.1+cu126,3.3.1,-,-,0.00017677731812000276,0.00017912965267896652,0.00018412508070468902,forward,"[0.0001941639930009842, 0.0002071969211101532, 0.0001807883381843567, 0.00017942674458026886, 0.00017573870718479156, 0.00017501041293144226, 0.00018161535263061523, 0.00017703697085380554, 0.00017883256077766418, 0.00017728284001350403]",1.0170919786998913e-05,0,512,attention/core-compiled-512-128-forward.json,1.034667956056754,ok,10,-,-,5
1,True,0.10416026297204452,128,bfloat16,compiled,attention,0.0008551139384508133,11143168,11143168,525312,27262976,11141144,27262976,12.6,cuda:0,NVIDIA GeForce RTX 3090,24154.4,False,2.7.1+cu126,3.3.1,-,-,0.0008135396987199783,0.0008252570405602455,0.0008408784866333008,forward_backward,"[0.0011031199246644974, 0.0008757635951042175, 0.0008258987218141556, 0.0008246153593063354, 0.0008286535739898682, 0.0008121822029352188, 0.0008234474807977676, 0.0008114222437143326, 0.0008321572095155716, 0.0008138790726661682]",8.90688927000974e-05,0,512,attention/core-compiled-512-128-forward_backward.json,1.077365979282552,ok,10,-,-,5
1,True,0.050137198241254975,64,bfloat16,compiled,attention,0.0004522111266851425,10618880,10618880,460288,27262976,10616856,27262976,12.6,cuda:0,NVIDIA GeForce RTX 3090,24154.4,False,2.7.1+cu126,3.3.1,-,-,0.00044088251888751984,0.0004439838230609894,0.00045353546738624573,backward,"[0.00045541301369667053, 0.0005143284797668457, 0.00045353546738624573, 0.0004440341144800186, 0.00044088251888751984, 0.00044393353164196014, 0.00045135989785194397, 0.0004411041736602783, 0.00044051744043827057, 0.00043700262904167175]",2.267259890551426e-05,0,512,attention/core-compiled-512-64-backward.json,1.4130104630771683,ok,10,-,-,5
1,True,0.04938137658379618,64,bfloat16,compiled,attention,0.00019537042826414108,9765888,9765888,197632,27262976,9764880,27262976,12.6,cuda:0,NVIDIA GeForce RTX 3090,24154.4,False,2.7.1+cu126,3.3.1,-,-,0.00018936395645141602,0.00019137002527713776,0.00019802190363407134,forward,"[0.00020783580839633942, 0.00021721050143241882, 0.00019556842744350433, 0.0001916922628879547, 0.00018916279077529907, 0.00019021332263946533, 0.00019467249512672424, 0.0001910477876663208, 0.00018941424787044525, 0.00018688663840293884]",9.647660691449088e-06,0,512,attention/core-compiled-512-64-forward.json,0.9540933025763814,ok,10,-,-,5
1,True,0.02102944374224265,64,bfloat16,compiled,attention,0.0010727846994996071,10487808,10487808,263168,27262976,10485784,27262976,12.6,cuda:0,NVIDIA GeForce RTX 3090,24154.4,False,2.7.1+cu126,3.3.1,-,-,0.0010521437972784043,0.0010651955381035805,0.0010933708399534225,forward_backward,"[0.0011147409677505493, 0.0010924525558948517, 0.0010815951973199844, 0.0010702591389417648, 0.001056712120771408, 0.0010509565472602844, 0.001097043976187706, 0.0010601319372653961, 0.0010516997426748276, 0.0010522548109292984]",2.2560065485665675e-05,0,512,attention/core-compiled-512-64-forward_backward.json,0.8433086046277798,ok,10,-,-,5
1,True,0.017284823572943545,128,bfloat16,compiled,attention,0.00226161852478981,369231872,369231872,14681600,402653184,369229848,402653184,12.6,cuda:0,NVIDIA GeForce RTX 3090,24154.4,False,2.7.1+cu126,3.3.1,-,-,0.002228308469057083,0.002254749648272991,0.0023095067590475082,backward,"[0.0022087935358285904, 0.0022537074983119965, 0.00222177617251873, 0.002241155132651329, 0.002255791798233986, 0.002228308469057083, 0.0023095067590475082, 0.0022701509296894073, 0.0023125596344470978, 0.0023144353181123734]",3.9091677190292715e-05,0,8192,attention/core-compiled-8192-128-backward.json,1.5966115920610289,ok,10,-,-,5
1,True,0.0044644830432347075,128,bfloat16,compiled,attention,0.0011311052367091179,224527360,224527360,6292480,245366784,224526352,245366784,12.6,cuda:0,NVIDIA GeForce RTX 3090,24154.4,False,2.7.1+cu126,3.3.1,-,-,0.0011280518025159835,0.0011295489966869354,0.001133618876338005,forward,"[0.001143312081694603, 0.0011337008327245712, 0.0011335983872413635, 0.0011298563331365585, 0.0011317823082208633, 0.0011286735534667969, 0.0011274125427007675, 0.0011292416602373123, 0.0011282116174697876, 0.001125263050198555]",5.049800149401837e-06,0,8192,attention/core-compiled-8192-128-forward.json,2.2978181860156788,ok,10,-,-,5
1,True,0.0010794930462569336,128,bfloat16,compiled,attention,0.0030596071854233743,365037568,365037568,8389632,536870912,365035544,536870912,12.6,cuda:0,NVIDIA GeForce RTX 3090,24154.4,False,2.7.1+cu126,3.3.1,-,-,0.0030574843287467955,0.0030595287680625916,0.003061530739068985,forward_backward,"[0.0030608195811510086, 0.0030643753707408905, 0.0030569955706596375, 0.0030599888414144516, 0.0030590686947107315, 0.0030542798340320587, 0.003057703375816345, 0.0030651260167360306, 0.0030601080507040024, 0.003057606518268585]",3.302824680942281e-06,0,8192,attention/core-compiled-8192-128-forward_backward.json,1.925931405137796,ok,10,-,-,5
1,True,0.01289600758206398,64,bfloat16,compiled,attention,0.0017324782907962798,356648960,356648960,7341568,394264576,356646936,394264576,12.6,cuda:0,NVIDIA GeForce RTX 3090,24154.4,False,2.7.1+cu126,3.3.1,-,-,0.0017135757952928543,0.0017406381666660309,0.0017518773674964905,backward,"[0.0017186254262924194, 0.0017309971153736115, 0.0017135757952928543, 0.0017506610602140427, 0.0017502792179584503, 0.0017044637352228165, 0.0017543714493513107, 0.0017518773674964905, 0.0016972143203020096, 0.0017527174204587936]",2.234205317387007e-05,0,8192,attention/core-compiled-8192-64-backward.json,1.8823742800947674,ok,10,-,-,5
1,True,0.00365684508793548,64,bfloat16,compiled,attention,0.0008741943165659904,217187328,217187328,3146752,232783872,217186320,232783872,12.6,cuda:0,NVIDIA GeForce RTX 3090,24154.4,False,2.7.1+cu126,3.3.1,-,-,0.0008720126003026962,0.0008737780153751373,0.0008756037801504135,forward,"[0.0008767154067754745, 0.0008815620094537735, 0.0008732452988624573, 0.0008716117590665817, 0.000872395932674408, 0.0008743274956941605, 0.0008753258734941483, 0.0008743107318878174, 0.0008721128106117249, 0.0008703358471393585]",3.196793192435456e-06,0,8192,attention/core-compiled-8192-64-forward.json,2.702548038183268,ok,10,-,-,5
1,True,0.012137197527913356,64,bfloat16,compiled,attention,0.002414354495704174,354551808,354551808,4195328,392167424,354549784,392167424,12.6,cuda:0,NVIDIA GeForce RTX 3090,24154.4,False,2.7.1+cu126,3.3.1,-,-,0.0023968473076820375,0.0024277539923787117,0.0024303242564201353,forward_backward,"[0.002350272610783577, 0.0023770183324813843, 0.0024018045514822006, 0.00242728553712368, 0.0024435967206954956, 0.002430228516459465, 0.0024289358407258987, 0.0024254731833934784, 0.0024282224476337433, 0.0024307072162628174]",2.9303497416767197e-05,0,8192,attention/core-compiled-8192-64-forward_backward.json,2.1262300131848435,ok,10,-,-,5
1,True,0.018262333700211568,128,bfloat16,eager,attention,0.0006451712921261788,58459136,58459136,21758464,94371840,58458120,94371840,12.6,cuda:0,NVIDIA GeForce RTX 3090,24154.4,False,2.7.1+cu126,3.3.1,-,-,0.0006389115005731583,0.0006419606506824493,0.0006464794278144836,backward,"[0.0006457250565290451, 0.0006464794278144836, 0.0006443411111831665, 0.0006395801901817322, 0.0006380174309015274, 0.0006389115005731583, 0.0006764456629753113, 0.0006392523646354675, 0.0006479881703853607, 0.0006349720060825348]",1.1782333430604956e-05,0,2048,attention/core-eager-2048-128-backward.json,1.0,ok,10,-,-,5
1,True,0.018722428453944825,128,bfloat16,eager,attention,0.00024335533380508422,31588352,31588352,10092544,44040192,31588352,44040192,12.6,cuda:0,NVIDIA GeForce RTX 3090,24154.4,False,2.7.1+cu126,3.3.1,-,-,0.00024120882153511047,0.00024206005036830902,0.00024267621338367463,forward,"[0.0002560913562774658, 0.00024384446442127228, 0.0002423841506242752, 0.00024125538766384125, 0.00024216435849666595, 0.00024224445223808289, 0.0002419557422399521, 0.00024179182946681976, 0.00024079903960227966, 0.00024102255702018738]",4.55620282605155e-06,0,2048,attention/core-eager-2048-128-forward.json,1.0,ok,10,-,-,5
1,True,0.02821778647056401,128,bfloat16,eager,attention,0.0009005865082144737,57410560,57410560,20185088,94371840,57409544,94371840,12.6,cuda:0,NVIDIA GeForce RTX 3090,24154.4,False,2.7.1+cu126,3.3.1,-,-,0.0008860837668180465,0.0008892957121133804,0.0009063933044672013,forward_backward,"[0.0009657517075538635, 0.0009160283952951431, 0.0009039845317602158, 0.0008909758180379868, 0.0008864887058734894, 0.0008844640105962753, 0.0008876156061887741, 0.0009031277149915695, 0.0008805058896541595, 0.0008869227021932602]",2.541255778706686e-05,0,2048,attention/core-eager-2048-128-forward_backward.json,1.0,ok,10,-,-,5
1,True,0.012549622951720107,64,bfloat16,eager,attention,0.0006523789837956428,56624128,56624128,19399168,90177536,56623112,90177536,12.6,cuda:0,NVIDIA GeForce RTX 3090,24154.4,False,2.7.1+cu126,3.3.1,-,-,0.0006462894380092621,0.0006504710763692856,0.0006563272327184677,backward,"[0.0006554443389177322, 0.0006596948951482773, 0.0006470773369073868, 0.000651676207780838, 0.0006462894380092621, 0.0006699711084365845, 0.0006492659449577332, 0.0006443411111831665, 0.0006437022238969803, 0.0006563272327184677]",8.187110268261639e-06,0,2048,attention/core-eager-2048-64-backward.json,1.0,ok,10,-,-,5
1,True,0.03061462440998924,64,bfloat16,eager,attention,0.00022870004177093505,30539776,30539776,9306112,44040192,30539776,44040192,12.6,cuda:0,NVIDIA GeForce RTX 3090,24154.4,False,2.7.1+cu126,3.3.1,-,-,0.00022451579570770264,0.0002259751781821251,0.0002323109656572342,forward,"[0.0002459809184074402, 0.00022770464420318604, 0.00022667646408081055, 0.0002240687608718872, 0.0002246275544166565, 0.0002320762723684311, 0.00022525712847709656, 0.00022208504378795624, 0.0002332497388124466, 0.00022527389228343964]",7.001565881366027e-06,0,2048,attention/core-eager-2048-64-forward.json,1.0,ok,10,-,-,5
1,True,0.01580996352919029,64,bfloat16,eager,attention,0.000931704044342041,56099840,56099840,18612224,90177536,56098824,90177536,12.6,cuda:0,NVIDIA GeForce RTX 3090,24154.4,False,2.7.1+cu126,3.3.1,-,-,0.0009207304567098618,0.0009290697053074837,0.0009395811706781387,forward_backward,"[0.0009666401892900467, 0.0009329896420240402, 0.0009397957473993301, 0.0009395275264978409, 0.0009252075105905533, 0.0009212959557771683, 0.0009219665080308914, 0.0009182170033454895, 0.0009329319000244141, 0.0009184684604406357]",1.4730206961046758e-05,0,2048,attention/core-eager-2048-64-forward_backward.json,1.0,ok,10,-,-,5
1,True,0.011975608567606287,128,bfloat16,eager,attention,0.000631626695394516,20317184,20317184,18219520,25165824,20316168,25165824,12.6,cuda:0,NVIDIA GeForce RTX 3090,24154.4,False,2.7.1+cu126,3.3.1,-,-,0.0006247591227293015,0.0006308760493993759,0.0006369743496179581,backward,"[0.0006369743496179581, 0.0006470028311014175, 0.0006311479955911636, 0.0006243009120225906, 0.0006329100579023361, 0.0006306041032075882, 0.0006269235163927078, 0.0006247591227293015, 0.0006386563181877136, 0.0006229877471923828]",7.564114064895412e-06,0,512,attention/core-eager-512-128-backward.json,1.0,ok,10,-,-,5
1,True,0.06955710294071268,128,bfloat16,eager,attention,0.00018927641212940216,10354688,10354688,8912896,23068672,10354688,23068672,12.6,cuda:0,NVIDIA GeForce RTX 3090,24154.4,False,2.7.1+cu126,3.3.1,-,-,0.0001808255910873413,0.00018533971160650253,0.00019160434603691102,forward,"[0.00022424384951591492, 0.00019263103604316711, 0.0001871604472398758, 0.00018351897597312927, 0.0001827925443649292, 0.00019134767353534698, 0.0001901034265756607, 0.00018094107508659363, 0.00018036365509033203, 0.00017966143786907196]",1.3165518882733586e-05,0,512,attention/core-eager-512-128-forward.json,1.0,ok,10,-,-,5
1,True,0.024637828294523757,128,bfloat16,eager,attention,0.0008975915610790252,20055040,20055040,17825792,25165824,20054024,25165824,12.6,cuda:0,NVIDIA GeForce RTX 3090,24154.4,False,2.7.1+cu126,3.3.1,-,-,0.0008836682885885238,0.0008891038596630096,0.0009068574756383896,forward_backward,"[0.0009522121399641037, 0.0009144600480794907, 0.0009049568325281143, 0.0008850209414958954, 0.0008956696838140488, 0.0008865222334861755, 0.0008820723742246628, 0.0008792486041784286, 0.0008916854858398438, 0.0008840672671794891]",2.2114706760478557e-05,0,512,attention/core-eager-512-128-forward_backward.json,1.0,ok,10,-,-,5
1,True,0.01277902688583287,64,bfloat16,eager,attention,0.0006303789094090461,19858432,19858432,17629696,25165824,19857416,25165824,12.6,cuda:0,NVIDIA GeForce RTX 3090,24154.4,False,2.7.1+cu126,3.3.1,-,-,0.0006240196526050568,0.0006273537874221802,0.0006350316107273102,backward,"[0.000634288415312767, 0.0006301533430814743, 0.0006350316107273102, 0.0006474386900663376, 0.000624554231762886, 0.0006230715662240982, 0.0006241872906684875, 0.0006372258067131042, 0.0006240196526050568, 0.0006238184869289398]",8.055629031600203e-06,0,512,attention/core-eager-512-64-backward.json,1.0,ok,10,-,-,5
1,True,0.07403419867074187,64,bfloat16,eager,attention,0.00018835756927728652,10092544,10092544,8716288,23068672,10092544,23068672,12.6,cuda:0,NVIDIA GeForce RTX 3090,24154.4,False,2.7.1+cu126,3.3.1,-,-,0.00017934925854206084,0.00018258485943078995,0.00019445493817329406,forward,"[0.00022209994494915009, 0.00019256584346294403, 0.00018424354493618011, 0.00017935223877429962, 0.00020201131701469421, 0.0001831352710723877, 0.0001820344477891922, 0.00017933733761310577, 0.00017976388335227966, 0.0001790318638086319]",1.3944901705012656e-05,0,512,attention/core-eager-512-64-forward.json,1.0,ok,10,-,-,5
1,True,0.01658778122165237,64,bfloat16,eager,attention,0.0009005818516016007,19727360,19727360,17432576,25165824,19726344,25165824,12.6,cuda:0,NVIDIA GeForce RTX 3090,24154.4,False,2.7.1+cu126,3.3.1,-,-,0.0008886497467756272,0.0008982885628938675,0.0009090762585401535,forward_backward,"[0.0009213369339704514, 0.0008970517665147781, 0.0009292252361774445, 0.000906011089682579, 0.0008908174932003021, 0.0008865352720022202, 0.000902518630027771, 0.0008891783654689789, 0.0008836183696985245, 0.0008995253592729568]",1.4938654726557953e-05,0,512,attention/core-eager-512-64-forward_backward.json,1.0,ok,10,-,-,5
1,True,0.02488081968907911,128,bfloat16,eager,attention,0.0036492191255092623,635700224,635700224,35914240,715128832,635699208,715128832,12.6,cuda:0,NVIDIA GeForce RTX 3090,24154.4,False,2.7.1+cu126,3.3.1,-,-,0.003592854365706444,0.0035999594256281853,0.0036806631833314896,backward,"[0.0036035925149917603, 0.0036162175238132477, 0.003592854365706444, 0.0035912860184907913, 0.0036806631833314896, 0.0035963263362646103, 0.0035937801003456116, 0.0035900603979825974, 0.003816811367869377, 0.003810599446296692]",9.079556306773491e-05,0,8192,attention/core-eager-8192-128-backward.json,1.0,ok,10,-,-,5
1,True,0.003322180603393447,128,bfloat16,eager,attention,0.002598952688276768,352452608,352452608,14811136,423624704,352452608,423624704,12.6,cuda:0,NVIDIA GeForce RTX 3090,24154.4,False,2.7.1+cu126,3.3.1,-,-,0.0025935936719179153,0.002595498226583004,0.0026018161326646803,forward,"[0.002621069550514221, 0.0026012547314167023, 0.0025940239429473877, 0.002598712220788002, 0.0025954898446798325, 0.0025937017053365707, 0.0025955066084861755, 0.0025925450026988983, 0.0025931615382432938, 0.0026040617376565933]",8.634190210130333e-06,0,8192,attention/core-eager-8192-128-forward.json,1.0,ok,10,-,-,5
1,True,0.0016451453027494125,128,bfloat16,eager,attention,0.0058961594477295876,631505920,631505920,29622272,828375040,631504904,828375040,12.6,cuda:0,NVIDIA GeForce RTX 3090,24154.4,False,2.7.1+cu126,3.3.1,-,-,0.005890902504324913,0.005892442539334297,0.005900904536247253,forward_backward,"[0.005901731550693512, 0.005900697782635689, 0.005892304703593254, 0.00588744692504406, 0.005889697000384331, 0.0058924127370119095, 0.005891203880310059, 0.005892472341656685, 0.00589296780526638, 0.005920659750699997]",9.700039019693901e-06,0,8192,attention/core-eager-8192-128-forward_backward.json,1.0,ok,10,-,-,5
1,True,0.028140630461626695,64,bfloat16,eager,attention,0.003258238360285759,628360192,628360192,26477056,704643072,628359176,704643072,12.6,cuda:0,NVIDIA GeForce RTX 3090,24154.4,False,2.7.1+cu126,3.3.1,-,-,0.003163794055581093,0.0032765325158834457,0.0033250562846660614,backward,"[0.0033250562846660614, 0.003126107156276703, 0.003153245896100998, 0.003163794055581093, 0.0032129399478435516, 0.0032817088067531586, 0.003271356225013733, 0.0032857414335012436, 0.003384087234735489, 0.003378346562385559]",9.168888165269804e-05,0,8192,attention/core-eager-8192-64-backward.json,1.0,ok,10,-,-,5
1,True,0.0037985915081456853,64,bfloat16,eager,attention,0.002364349737763405,348258304,348258304,11665408,427819008,348258304,427819008,12.6,cuda:0,NVIDIA GeForce RTX 3090,24154.4,False,2.7.1+cu126,3.3.1,-,-,0.0023590818047523497,0.0023614270612597466,0.0023661132901906965,forward,"[0.00238829106092453, 0.0023682769387960434, 0.0023584049195051193, 0.00236557237803936, 0.0023620184510946274, 0.0023608356714248657, 0.0023623891174793243, 0.0023591481149196625, 0.0023597441613674164, 0.0023588165640830994]",8.981198836154548e-06,0,8192,attention/core-eager-8192-64-forward.json,1.0,ok,10,-,-,5
1,True,0.0016815661851670614,64,bfloat16,eager,attention,0.005163372308015823,626263040,626263040,23330816,702545920,626262024,702545920,12.6,cuda:0,NVIDIA GeForce RTX 3090,24154.4,False,2.7.1+cu126,3.3.1,-,-,0.005156299471855164,0.005161963403224945,0.005167325958609581,forward_backward,"[0.00516633503139019, 0.005162598565220833, 0.00515701062977314, 0.005156319588422775, 0.005156219005584717, 0.005154728889465332, 0.005161328241229057, 0.005164932459592819, 0.005182961001992226, 0.0051712896674871445]",8.682552274587413e-06,0,8192,attention/core-eager-8192-64-forward_backward.json,1.0,ok,10,-,-,5
1,True,0.024803875510749144,128,bfloat16,triton,attention,1.688619732670486,123197440,123197440,13238784,136314880,122141192,136314880,12.6,cuda:0,NVIDIA GeForce RTX 3090,24154.4,False,2.7.1+cu126,3.3.1,1,4,1.6701950244605541,1.6747767701745033,1.682030078023672,backward,"[1.6791712902486324, 1.8059689700603485, 1.6719691436737776, 1.6724137216806412, 1.6771398186683655, 1.682030078023672, 1.6658271960914135, 1.6914727464318275, 1.6701950244605541, 1.6700093373656273]",0.04188431363415323,0,2048,attention/core-triton-2048-128-backward.json,0.0003833111744292705,ok,10,32,32,5
1,True,0.03116431373291328,128,bfloat16,triton,attention,0.0002148222178220749,2105344,2105344,1572864,4194304,2105344,4194304,12.6,cuda:0,NVIDIA GeForce RTX 3090,24154.4,False,2.7.1+cu126,3.3.1,1,4,0.00021134652197360993,0.00021290499716997147,0.00021643303334712983,forward,"[0.00023226067423820496, 0.00021668337285518646, 0.00021637044847011566, 0.0002120230346918106, 0.00021365657448768616, 0.00021215341985225677, 0.00021488964557647705, 0.000211203470826149, 0.00021138228476047516, 0.00020759925246238708]",6.694786993007377e-06,0,2048,attention/core-triton-2048-128-forward.json,1.136939262045887,ok,10,32,32,5
1,True,0.03133411672075355,128,bfloat16,triton,attention,1.222698101773858,121624576,121624576,11665408,136314880,120568328,136314880,12.6,cuda:0,NVIDIA GeForce RTX 3090,24154.4,False,2.7.1+cu126,3.3.1,1,4,1.2041605044156314,1.2138149617239833,1.216240868717432,forward_backward,"[1.2067207861691713, 1.3304831683635712, 1.213224271312356, 1.2201492749154568, 1.214950267225504, 1.2041865158826113, 1.2144056521356106, 1.2040564585477114, 1.2035408560186625, 1.2152637671679258]",0.03831216503522587,0,2048,attention/core-triton-2048-128-forward_backward.json,0.0007326452055347154,ok,10,32,32,5
1,True,0.025623930013422606,64,bfloat16,triton,attention,1.6721508175134658,85760000,85760000,10879488,100663296,84703752,100663296,12.6,cuda:0,NVIDIA GeForce RTX 3090,24154.4,False,2.7.1+cu126,3.3.1,1,4,1.6539683248847723,1.6582318423315883,1.6637947503477335,backward,"[1.6539683248847723, 1.7918701898306608, 1.6531638503074646, 1.658946719020605, 1.6637947503477335, 1.6472446154803038, 1.6632475201040506, 1.6544234603643417, 1.6575169656425714, 1.677331779152155]",0.042847075519852444,0,2048,attention/core-triton-2048-64-backward.json,0.0003922678721780414,ok,10,32,32,5
1,True,0.05407733511512989,64,bfloat16,triton,attention,0.00017269104719161988,1056768,1056768,786432,2097152,1056768,2097152,12.6,cuda:0,NVIDIA GeForce RTX 3090,24154.4,False,2.7.1+cu126,3.3.1,1,4,0.00016817934811115266,0.00017014797776937485,0.00017261579632759093,forward,"[0.00019800662994384766, 0.00017095543444156647, 0.00017603859305381775, 0.00016883574426174164, 0.00016561709344387054, 0.00017008185386657715, 0.00017021410167217255, 0.00016849860548973083, 0.00017176009714603424, 0.0001669023185968399]",9.338671630363939e-06,0,2048,attention/core-triton-2048-64-forward.json,1.3281096910150798,ok,10,32,32,5
1,True,0.023001782280397967,64,bfloat16,triton,attention,1.6795477747917176,84973568,84973568,10092544,98566144,83917320,98566144,12.6,cuda:0,NVIDIA GeForce RTX 3090,24154.4,False,2.7.1+cu126,3.3.1,1,4,1.6612121749669313,1.6660863105207682,1.6759689338505268,forward_backward,"[1.6703717056661844, 1.78698012791574, 1.666904117912054, 1.6876961775124073, 1.662616664543748, 1.6613144017755985, 1.6652685031294823, 1.6608032677322626, 1.6730371229350567, 1.6604856587946415]",0.038632592245285965,0,2048,attention/core-triton-2048-64-forward_backward.json,0.0005576359996722406,ok,10,32,32,5
1,True,0.0032901350940173573,128,bfloat16,triton,attention,0.100193159468472,17004544,17004544,9699840,31457280,16937480,31457280,12.6,cuda:0,NVIDIA GeForce RTX 3090,24154.4,False,2.7.1+cu126,3.3.1,1,4,0.09997688792645931,0.10005671996623278,0.10034281015396118,backward,"[0.1009485125541687, 0.09993278235197067, 0.10006730817258358, 0.09997688792645931, 0.1001068614423275, 0.10034281015396118, 0.10004613175988197, 0.10000575892627239, 0.09994938224554062, 0.10055515915155411]",0.0003296490301476972,0,512,attention/core-triton-512-128-backward.json,0.006305184195647074,ok,10,32,32,5
1,True,0.08196968346897203,128,bfloat16,triton,attention,0.00012081339955329894,526336,526336,393216,2097152,526336,2097152,12.6,cuda:0,NVIDIA GeForce RTX 3090,24154.4,False,2.7.1+cu126,3.3.1,1,4,0.00011543892323970795,0.00011765211820602417,0.0001228366047143936,forward,"[0.00012989528477191925, 0.00011907331645488739, 0.00011635944247245789, 0.0001110471785068512, 0.00011567585170269012, 0.00011449120938777924, 0.00011775828897953033, 0.00014521554112434387, 0.000117545947432518, 0.00012107193470001221]",9.903036120194361e-06,0,512,attention/core-triton-512-128-forward.json,1.5753198024190995,ok,10,32,32,5
1,True,0.0039763047303916065,128,bfloat16,triton,attention,0.10086123142391443,16611328,16611328,9306112,29360128,16544264,29360128,12.6,cuda:0,NVIDIA GeForce RTX 3090,24154.4,False,2.7.1+cu126,3.3.1,1,4,0.1004909746348858,0.10072814393788576,0.10125391259789467,forward_backward,"[0.10079600475728512, 0.10147788934409618, 0.10097321309149265, 0.10062891989946365, 0.10044687427580357, 0.10049962438642979, 0.1004563756287098, 0.10119881108403206, 0.10147431865334511, 0.1006602831184864]",0.0004010549916240335,0,512,attention/core-triton-512-128-forward_backward.json,0.008826767027607275,ok,10,32,32,5
1,True,0.005834635403923799,64,bfloat16,triton,attention,0.10106060318648816,13973504,13973504,9110016,27262976,13906440,27262976,12.6,cuda:0,NVIDIA GeForce RTX 3090,24154.4,False,2.7.1+cu126,3.3.1,1,4,0.10054649785161018,0.10100114438682795,0.10161985270678997,backward,"[0.10160525515675545, 0.10161985270678997, 0.10137937590479851, 0.10173019953072071, 0.1017050500959158, 0.10061551630496979, 0.10054649785161018, 0.10035226866602898, 0.10042910277843475, 0.10062291286885738]",0.0005896517732937781,0,512,attention/core-triton-512-64-backward.json,0.0062113532597160995,ok,10,32,32,5
1,True,0.11361376958083537,64,bfloat16,triton,attention,0.00011235158890485764,264192,264192,196608,2097152,264192,2097152,12.6,cuda:0,NVIDIA GeForce RTX 3090,24154.4,False,2.7.1+cu126,3.3.1,1,4,0.00010543838143348694,0.00010979827493429184,0.00011282898485660553,forward,"[0.00014667026698589325, 0.00011506117880344391, 0.00011214800179004669, 0.00010647997260093689, 0.00010840408504009247, 0.00010588206350803375, 0.00011119246482849121, 0.00010366365313529968, 0.00010174326598644257, 0.00011227093636989594]",1.2764687533877236e-05,0,512,attention/core-triton-512-64-forward.json,1.662911913143051,ok,10,32,32,5
1,True,0.004339771561918928,64,bfloat16,triton,attention,0.10192575622349978,13776896,13776896,8912896,27262976,13709832,27262976,12.6,cuda:0,NVIDIA GeForce RTX 3090,24154.4,False,2.7.1+cu126,3.3.1,1,4,0.10170120149850845,0.10195564478635788,0.10223938859999179,forward_backward,"[0.10158979892730713, 0.10255714319646358, 0.10202059336006641, 0.10237346775829792, 0.10220586881041527, 0.10172905214130878, 0.10203401744365692, 0.10097279027104378, 0.1018841341137886, 0.10189069621264935]",0.0004423344982858256,0,512,attention/core-triton-512-64-forward_backward.json,0.008810581942531764,ok,10,32,32,5
1,True,0.004459410780485464,128,bfloat16,triton,attention,28.2726523919031,1751209984,1751209984,27394560,1782579200,1734400520,1782579200,12.6,cuda:0,NVIDIA GeForce RTX 3090,24154.4,False,2.7.1+cu126,3.3.1,1,4,28.213847251608968,28.286707937717438,28.37390709668398,backward,"[28.30304408632219, 28.394888684153557, 28.04693686403334, 28.42424625903368, 28.088303849101067, 28.34680408425629, 28.213847251608968, 28.264173954725266, 28.270371789112687, 28.37390709668398]",0.12607937086937082,0,8192,attention/core-triton-8192-128-backward.json,0.00012726682205489197,ok,10,32,32,5
1,True,0.007040642853752783,128,bfloat16,triton,attention,0.0012902718037366867,8421376,8421376,6291456,23068672,8421376,23068672,12.6,cuda:0,NVIDIA GeForce RTX 3090,24154.4,False,2.7.1+cu126,3.3.1,1,4,0.0012854289263486863,0.0012868084013462067,0.0012924984097480775,forward,"[0.001314263790845871, 0.001292012631893158, 0.0012840759009122849, 0.0012858454138040543, 0.0012871194630861282, 0.0012857671827077866, 0.0012889392673969269, 0.0012944415211677551, 0.001286497339606285, 0.0012837555259466171]",9.084342954377416e-06,0,8192,attention/core-triton-8192-128-forward.json,2.0170044148512702,ok,10,32,32,5
1,True,0.004875552168263501,128,bfloat16,triton,attention,28.307451778277755,1744918528,1744918528,21102592,1761607680,1728109064,1761607680,12.6,cuda:0,NVIDIA GeForce RTX 3090,24154.4,False,2.7.1+cu126,3.3.1,1,4,28.23312145508826,28.30591586511582,28.45427701883018,forward_backward,"[28.319736579433084, 28.456389693543315, 28.06960660777986, 28.4976368509233, 28.129786672070622, 28.453748850151896, 28.258955150842667, 28.27682564780116, 28.2990062572062, 28.31282547302544]",0.1380144578955966,0,8192,attention/core-triton-8192-128-forward_backward.json,0.00020817000119032137,ok,10,32,32,5
1,True,0.004570160527252722,64,bfloat16,triton,attention,28.453719075396656,1198659584,1198659584,17957376,1214251008,1181850120,1214251008,12.6,cuda:0,NVIDIA GeForce RTX 3090,24154.4,False,2.7.1+cu126,3.3.1,1,4,28.36533146351576,28.466382475569844,28.559763558208942,backward,"[28.455849325284362, 28.559763558208942, 28.27337383851409, 28.61312723904848, 28.22915919497609, 28.581796869635582, 28.36533146351576, 28.44067792594433, 28.54119571298361, 28.476915625855327]",0.1300380637719156,0,8192,attention/core-triton-8192-64-backward.json,0.00011510182295538962,ok,10,32,32,5
1,True,0.01328732998890898,64,bfloat16,triton,attention,0.000669284351170063,4227072,4227072,3145728,6291456,4227072,6291456,12.6,cuda:0,NVIDIA GeForce RTX 3090,24154.4,False,2.7.1+cu126,3.3.1,1,4,0.0006617896258831024,0.0006691860035061836,0.0006731376051902771,forward,"[0.0006895903497934341, 0.0006730146706104279, 0.0006736293435096741, 0.0006708595901727676, 0.0006719771772623062, 0.0006620902568101883, 0.0006644446402788162, 0.0006591379642486572, 0.0006605871021747589, 0.0006675124168395996]",8.893002030409467e-06,0,8192,attention/core-triton-8192-64-forward.json,3.5288052184102887,ok,10,32,32,5
1,True,0.004906309740736618,64,bfloat16,triton,attention,28.19000024497509,1195513856,1195513856,14811136,1210056704,1178704392,1210056704,12.6,cuda:0,NVIDIA GeForce RTX 3090,24154.4,False,2.7.1+cu126,3.3.1,1,4,28.055721501260997,28.195301393046975,28.310149262845517,forward_backward,"[28.114163944497705, 28.42699795216322, 28.006107922643423, 28.30185243114829, 28.059557175263762, 28.34333658963442, 28.205748552456498, 28.04037880524993, 28.217004843056202, 28.184854233637452]",0.13830887279328893,0,8192,attention/core-triton-8192-64-forward_backward.json,0.0001830788517301644,ok,10,32,32,5
1,True,0.00915238693709021,128,bfloat16,eager,attention,0.013191606616601348,2462319616,2462319616,54788608,3265265664,2462318600,3265265664,12.6,cuda:0,NVIDIA GeForce RTX 3090,24154.4,False,2.7.1+cu126,3.3.1,-,-,0.01307358406484127,0.013167785480618477,0.013330446556210518,backward,"[0.01307358406484127, 0.013089235872030258, 0.013139983639121056, 0.013271166011691093, 0.013371521607041359, 0.013330446556210518, 0.013195587322115898, 0.01306132785975933]",0.00012073468807701496,0,16384,attention/long-eager-16384-128-backward.json,1.0,ok,8,-,-,3
1,True,0.01892154728048405,128,bfloat16,eager,attention,0.009638744173571467,1367474176,1367474176,21102592,1652555776,1367474176,1652555776,12.6,cuda:0,NVIDIA GeForce RTX 3090,24154.4,False,2.7.1+cu126,3.3.1,-,-,0.009486843273043633,0.009647923521697521,0.009691696986556054,forward,"[0.009665582329034805, 0.010007776319980621, 0.009709106758236885, 0.009639043360948563, 0.00965680368244648, 0.009568050503730774, 0.009432705119252205, 0.009430885314941406]",0.00018237995360472268,0,16384,attention/long-eager-16384-128-forward.json,1.0,ok,8,-,-,3
1,True,0.002805588315987753,128,bfloat16,eager,attention,0.022437975276261568,2453931008,2453931008,42205184,3265265664,2453929992,3265265664,12.6,cuda:0,NVIDIA GeForce RTX 3090,24154.4,False,2.7.1+cu126,3.3.1,-,-,0.022422000765800476,0.022439220920205116,0.022454536706209182,forward_backward,"[0.022551827132701874, 0.02242029458284378, 0.02243606187403202, 0.02242456004023552, 0.022456884384155273, 0.022320779040455818, 0.022442379966378212, 0.022451015189290047]",6.295172126950152e-05,0,16384,attention/long-eager-16384-128-forward_backward.json,1.0,ok,8,-,-,3
1,True,0.012829096151519122,64,bfloat16,eager,attention,0.011257330887019634,2447639552,2447639552,35914240,2728394752,2447638536,2728394752,12.6,cuda:0,NVIDIA GeForce RTX 3090,24154.4,False,2.7.1+cu126,3.3.1,-,-,0.011197054758667946,0.011271915398538113,0.01131599023938179,backward,"[0.011197054758667946, 0.010974934324622154, 0.01131599023938179, 0.011496059596538544, 0.011291634291410446, 0.011283239349722862, 0.011260591447353363, 0.011239143088459969]",0.00014442138035904094,0,16384,attention/long-eager-16384-64-backward.json,1.0,ok,8,-,-,3
1,True,0.003077232136383377,64,bfloat16,eager,attention,0.008706730091944337,1359085568,1359085568,14811136,1631584256,1359085568,1631584256,12.6,cuda:0,NVIDIA GeForce RTX 3090,24154.4,False,2.7.1+cu126,3.3.1,-,-,0.00868750996887684,0.008694546297192574,0.008723077923059463,forward,"[0.008715609088540077, 0.008728057146072388, 0.008761068806052208, 0.00868913158774376, 0.00869111716747284, 0.008684452623128891, 0.008686428889632225, 0.008697975426912308]",2.6792629641747307e-05,0,16384,attention/long-eager-16384-64-forward.json,1.0,ok,8,-,-,3
1,True,0.008368199215070454,64,bfloat16,eager,attention,0.01940295146778226,2443445248,2443445248,29622272,3244294144,2443444232,3244294144,12.6,cuda:0,NVIDIA GeForce RTX 3090,24154.4,False,2.7.1+cu126,3.3.1,-,-,0.019242078810930253,0.019421069882810116,0.019550105929374693,forward_backward,"[0.019480807706713676, 0.01959630474448204, 0.019417179748415947, 0.019424960017204285, 0.019613953307271004, 0.01929400861263275, 0.019207458943128586, 0.019188938662409782]",0.0001623677632427456,0,16384,attention/long-eager-16384-64-forward_backward.json,1.0,ok,8,-,-,3
1,True,0.0008306972581263801,128,bfloat16,triton,attention,117.97422720259055,6916626432,6916626432,46268928,6964641792,6849452552,6964641792,12.6,cuda:0,NVIDIA GeForce RTX 3090,24154.4,False,2.7.1+cu126,3.3.1,1,4,117.89130902662873,117.93841142766178,118.05913274921477,backward,"[117.95499991998076, 118.15348716080189, 117.88180499896407, 118.03347255662084, 117.92182293534279, 117.89778827317059, 118.05913274921477, 117.89130902662873]",0.09800086706677058,0,16384,attention/long-triton-16384-128-backward.json,0.00011164967648131343,ok,8,32,32,3
1,True,0.001878794801304686,128,bfloat16,triton,attention,0.003998062340542674,16842752,16842752,12582912,23068672,16842752,23068672,12.6,cuda:0,NVIDIA GeForce RTX 3090,24154.4,False,2.7.1+cu126,3.3.1,1,4,0.003993001207709313,0.003997498191893101,0.004002040624618531,forward,"[0.004011588171124458, 0.00400112010538578, 0.003993825986981392, 0.004001295194029808, 0.004002537578344345, 0.003987804055213928, 0.0039924513548612595, 0.003993876278400421]",7.511538740703621e-06,0,16384,attention/long-triton-16384-128-forward.json,2.413490402888348,ok,8,32,32,3
1,True,0.0006391715532732069,128,bfloat16,triton,attention,117.56840479350649,6904043520,6904043520,33685504,6943670272,6836869640,6943670272,12.6,cuda:0,NVIDIA GeForce RTX 3090,24154.4,False,2.7.1+cu126,3.3.1,1,4,117.51122585013509,117.56212829891592,117.63352906368672,forward_backward,"[117.55798137746751, 117.6536133531481, 117.4992489144206, 117.60340262949467, 117.45783528871834, 117.56627522036433, 117.67969031073153, 117.52919125370681]",0.07514637990771868,0,16384,attention/long-triton-16384-128-forward_backward.json,0.0001908711695245146,ok,8,32,32,3
1,True,0.0016957193689461515,64,bfloat16,triton,attention,117.51180156320333,4737734656,4737734656,27394560,4768923648,4670560776,4768923648,12.6,cuda:0,NVIDIA GeForce RTX 3090,24154.4,False,2.7.1+cu126,3.3.1,1,4,117.30470752157271,117.5607075477019,117.65734008327127,backward,"[117.58297996036708, 117.58187419362366, 117.44690559990704, 117.80519050173461, 117.17587374337018, 117.65734008327127, 117.53954090178013, 117.30470752157271]",0.19926703799048054,0,16384,attention/long-triton-16384-64-backward.json,9.58816566663175e-05,ok,8,32,32,3
1,True,0.004585734455219238,64,bfloat16,triton,attention,0.0020417238119989634,8454144,8454144,6291456,23068672,8454144,23068672,12.6,cuda:0,NVIDIA GeForce RTX 3090,24154.4,False,2.7.1+cu126,3.3.1,1,4,0.002036472409963608,0.0020384928211569786,0.002045881375670433,forward,"[0.0020612683147192, 0.002049865201115608, 0.0020392052829265594, 0.002037765458226204, 0.0020399056375026703, 0.0020377803593873978, 0.0020356103777885437, 0.0020323898643255234]",9.362803232725212e-06,0,16384,attention/long-triton-16384-64-forward.json,4.265183672443765,ok,8,32,32,3
1,True,0.001246054193812858,64,bfloat16,triton,attention,118.05676577892154,4731443200,4731443200,21102592,4747952128,4664269320,4747952128,12.6,cuda:0,NVIDIA GeForce RTX 3090,24154.4,False,2.7.1+cu126,3.3.1,1,4,117.90843002907931,118.07600160315633,118.162315531075,forward_backward,"[118.28404272720218, 118.11402902752161, 118.03797417879105, 118.17506476864219, 117.92195569723845, 117.89941291697323, 118.14319167472422, 117.87845524027944]",0.14710512810680748,0,16384,attention/long-triton-16384-64-forward_backward.json,0.00016447939987062506,ok,8,32,32,3
1,True,0.0,128,bfloat16,compiled,attention,1.3965418301522732,23200768,23200768,1573888,48234496,23199760,48234496,12.6,cuda:0,NVIDIA GeForce RTX 3090,24154.4,False,2.7.1+cu126,3.3.1,-,-,1.3965418301522732,1.3965418301522732,1.3965418301522732,forward,[1.3965418301522732],0.0,0,2048,compile/cold-2048-128.json,0.0001733281776041866,ok,1,-,-,0
1,True,0.0,64,bfloat16,compiled,attention,1.3841837793588638,9569280,9569280,197632,27262976,9568272,27262976,12.6,cuda:0,NVIDIA GeForce RTX 3090,24154.4,False,2.7.1+cu126,3.3.1,-,-,1.3841837793588638,1.3841837793588638,1.3841837793588638,forward,[1.3841837793588638],0.0,0,512,compile/cold-512-64.json,0.00013190796059997243,ok,1,-,-,0
1,True,0.0,128,bfloat16,compiled,attention,1.370715530589223,218235904,218235904,6292480,245366784,218234896,245366784,12.6,cuda:0,NVIDIA GeForce RTX 3090,24154.4,False,2.7.1+cu126,3.3.1,-,-,1.370715530589223,1.370715530589223,1.370715530589223,forward,[1.370715530589223],0.0,0,8192,compile/cold-8192-128.json,0.0018935352877101272,ok,1,-,-,0
