run_id,model_size,batch_size,context_length,mode,dtype,row_type,name,calls,cpu_total_us,cuda_total_us,cuda_self_us,rank
small-b4-c256-train_step-fp32-w5-n1,small,4,256,train_step,fp32,stage_range,profile/warmup,1,15.325,0.0,0.0,1
small-b4-c256-train_step-fp32-w5-n1,small,4,256,train_step,fp32,stage_range,profile/measure,1,111570.637,110102.142,1.216,2
small-b4-c256-train_step-fp32-w5-n1,small,4,256,train_step,fp32,stage_range,zero_grad,1,255.435,0.0,0.0,3
small-b4-c256-train_step-fp32-w5-n1,small,4,256,train_step,fp32,stage_range,forward,1,27746.562,27584.801,27376.788,4
small-b4-c256-train_step-fp32-w5-n1,small,4,256,train_step,fp32,stage_range,backward,1,52672.392,52306.686,0.864,5
small-b4-c256-train_step-fp32-w5-n1,small,4,256,train_step,fp32,stage_range,optimizer,1,29792.553,30210.655,0.0,6
small-b4-c256-train_step-fp32-w5-n1,small,4,256,train_step,fp32,stage_range,attention/scores,12,2652.805,1342.735,1342.735,7
small-b4-c256-train_step-fp32-w5-n1,small,4,256,train_step,fp32,stage_range,attention/softmax,12,1690.828,1160.27,1160.27,8
small-b4-c256-train_step-fp32-w5-n1,small,4,256,train_step,fp32,stage_range,attention/value,12,1694.595,673.256,673.256,9
small-b4-c256-train_step-fp32-w5-n1,small,4,256,train_step,fp32,operator,aten::bmm,327,7854.425,23232.943,23232.943,1
small-b4-c256-train_step-fp32-w5-n1,small,4,256,train_step,fp32,operator,autograd::engine::evaluate_function: BmmBackward0,109,6715.692,15276.597,0.0,2
small-b4-c256-train_step-fp32-w5-n1,small,4,256,train_step,fp32,operator,aten::einsum,109,9166.441,8045.884,0.0,3
small-b4-c256-train_step-fp32-w5-n1,small,4,256,train_step,fp32,operator,aten::mul,1206,15791.484,7567.318,7567.318,4
small-b4-c256-train_step-fp32-w5-n1,small,4,256,train_step,fp32,operator,autograd::engine::evaluate_function: MulBackward0,170,6678.258,2422.89,0.0,5
small-b4-c256-train_step-fp32-w5-n1,small,4,256,train_step,fp32,operator,aten::copy_,207,2442.909,2248.721,2248.721,6
small-b4-c256-train_step-fp32-w5-n1,small,4,256,train_step,fp32,operator,aten::add,430,5323.768,1793.362,1793.362,7
small-b4-c256-train_step-fp32-w5-n1,small,4,256,train_step,fp32,operator,autograd::engine::evaluate_function: torch::autograd::AccumulateGrad,111,2402.668,1762.193,0.0,8
small-b4-c256-train_step-fp32-w5-n1,small,4,256,train_step,fp32,operator,aten::div,210,2876.234,1497.485,1497.485,9
small-b4-c256-train_step-fp32-w5-n1,small,4,256,train_step,fp32,operator,aten::sub_,222,1982.341,1211.37,1211.37,10
small-b4-c256-train_step-fp32-w5-n1,small,4,256,train_step,fp32,operator,autograd::engine::evaluate_function: DivBackward0,24,1496.599,1051.274,0.0,11
small-b4-c256-train_step-fp32-w5-n1,small,4,256,train_step,fp32,operator,aten::add_,147,1392.621,792.513,792.513,12
small-b4-c256-train_step-fp32-w5-n1,small,4,256,train_step,fp32,operator,aten::fill_,263,2312.006,768.941,768.941,13
small-b4-c256-train_step-fp32-w5-n1,small,4,256,train_step,fp32,operator,aten::zero_,238,2662.289,747.819,0.0,14
small-b4-c256-train_step-fp32-w5-n1,small,4,256,train_step,fp32,operator,aten::neg,52,671.335,638.884,638.884,15
small-b4-c256-train_step-fp32-w5-n1,small,4,256,train_step,fp32,cuda_kernel_or_activity,ampere_sgemm_128x64_tn,85,0.0,7369.548,7369.548,1
small-b4-c256-train_step-fp32-w5-n1,small,4,256,train_step,fp32,cuda_kernel_or_activity,ampere_sgemm_128x64_nn,72,0.0,5048.981,5048.981,2
small-b4-c256-train_step-fp32-w5-n1,small,4,256,train_step,fp32,cuda_kernel_or_activity,void cutlass::Kernel2<cutlass_80_simt_sgemm_128x256_8x4_nt_align1>(cutlass_80_simt_sgemm_128x256_8x4_nt_align1::Params),37,0.0,5036.725,5036.725,3
small-b4-c256-train_step-fp32-w5-n1,small,4,256,train_step,fp32,cuda_kernel_or_activity,"void at::native::vectorized_elementwise_kernel<4, at::native::AUnaryFunctor<float, float, float, at::native::binary_internal::MulFunctor<float> >, std::array<char*, 2ul> >(int, at::native::AUnaryFunctor<float, float, float, at::native::binary_internal::MulFunctor<float> >, std::array<char*, 2ul>)",716,0.0,4353.764,4353.764,4
small-b4-c256-train_step-fp32-w5-n1,small,4,256,train_step,fp32,cuda_kernel_or_activity,"void at::native::vectorized_elementwise_kernel<4, at::native::CUDAFunctor_add<float>, std::array<char*, 3ul> >(int, at::native::CUDAFunctor_add<float>, std::array<char*, 3ul>)",675,0.0,3342.733,3342.733,5
small-b4-c256-train_step-fp32-w5-n1,small,4,256,train_step,fp32,cuda_kernel_or_activity,"void at::native::elementwise_kernel<128, 2, at::native::gpu_kernel_impl_nocast<at::native::direct_copy_kernel_cuda(at::TensorIteratorBase&)::{lambda()#3}::operator()() const::{lambda()#7}::operator()() const::{lambda(float)#1}>(at::TensorIteratorBase&, at::native::direct_copy_kernel_cuda(at::TensorIteratorBase&)::{lambda()#3}::operator()() const::{lambda()#7}::operator()() const::{lambda(float)#1} const&)::{lambda(int)#1}>(int, at::native::gpu_kernel_impl_nocast<at::native::direct_copy_kernel_cuda(at::TensorIteratorBase&)::{lambda()#3}::operator()() const::{lambda()#7}::operator()() const::{lambda(float)#1}>(at::TensorIteratorBase&, at::native::direct_copy_kernel_cuda(at::TensorIteratorBase&)::{lambda()#3}::operator()() const::{lambda()#7}::operator()() const::{lambda(float)#1} const&)::{lambda(int)#1})",181,0.0,2165.042,2165.042,6
small-b4-c256-train_step-fp32-w5-n1,small,4,256,train_step,fp32,cuda_kernel_or_activity,ampere_sgemm_128x32_nt,48,0.0,2157.525,2157.525,7
small-b4-c256-train_step-fp32-w5-n1,small,4,256,train_step,fp32,cuda_kernel_or_activity,"void at::native::vectorized_elementwise_kernel<4, at::native::BinaryFunctor<float, float, float, at::native::binary_internal::MulFunctor<float> >, std::array<char*, 3ul> >(int, at::native::BinaryFunctor<float, float, float, at::native::binary_internal::MulFunctor<float> >, std::array<char*, 3ul>)",196,0.0,2126.612,2126.612,8
small-b4-c256-train_step-fp32-w5-n1,small,4,256,train_step,fp32,cuda_kernel_or_activity,void cutlass::Kernel2<cutlass_80_simt_sgemm_256x128_8x4_nn_align1>(cutlass_80_simt_sgemm_256x128_8x4_nn_align1::Params),13,0.0,1720.369,1720.369,9
small-b4-c256-train_step-fp32-w5-n1,small,4,256,train_step,fp32,cuda_kernel_or_activity,"void at::native::elementwise_kernel<128, 2, at::native::gpu_kernel_impl_nocast<at::native::BinaryFunctor<float, float, float, at::native::binary_internal::MulFunctor<float> > >(at::TensorIteratorBase&, at::native::BinaryFunctor<float, float, float, at::native::binary_internal::MulFunctor<float> > const&)::{lambda(int)#1}>(int, at::native::gpu_kernel_impl_nocast<at::native::BinaryFunctor<float, float, float, at::native::binary_internal::MulFunctor<float> > >(at::TensorIteratorBase&, at::native::BinaryFunctor<float, float, float, at::native::binary_internal::MulFunctor<float> > const&)::{lambda(int)#1})",293,0.0,1085.855,1085.855,10
small-b4-c256-train_step-fp32-w5-n1,small,4,256,train_step,fp32,cuda_kernel_or_activity,"void at::native::vectorized_elementwise_kernel<4, at::native::FillFunctor<float>, std::array<char*, 1ul> >(int, at::native::FillFunctor<float>, std::array<char*, 1ul>)",263,0.0,768.941,768.941,11
small-b4-c256-train_step-fp32-w5-n1,small,4,256,train_step,fp32,cuda_kernel_or_activity,"void at::native::elementwise_kernel<128, 2, at::native::gpu_kernel_impl_nocast<at::native::BinaryFunctor<float, float, float, at::native::binary_internal::DivFunctor<float> > >(at::TensorIteratorBase&, at::native::BinaryFunctor<float, float, float, at::native::binary_internal::DivFunctor<float> > const&)::{lambda(int)#1}>(int, at::native::gpu_kernel_impl_nocast<at::native::BinaryFunctor<float, float, float, at::native::binary_internal::DivFunctor<float> > >(at::TensorIteratorBase&, at::native::BinaryFunctor<float, float, float, at::native::binary_internal::DivFunctor<float> > const&)::{lambda(int)#1})",48,0.0,605.321,605.321,12
small-b4-c256-train_step-fp32-w5-n1,small,4,256,train_step,fp32,cuda_kernel_or_activity,ampere_sgemm_128x128_nn,24,0.0,599.17,599.17,13
small-b4-c256-train_step-fp32-w5-n1,small,4,256,train_step,fp32,cuda_kernel_or_activity,ampere_sgemm_128x128_nt,24,0.0,577.609,577.609,14
small-b4-c256-train_step-fp32-w5-n1,small,4,256,train_step,fp32,cuda_kernel_or_activity,"void at::native::vectorized_elementwise_kernel<4, at::native::BinaryFunctor<float, float, float, at::native::binary_internal::DivFunctor<float> >, std::array<char*, 3ul> >(int, at::native::BinaryFunctor<float, float, float, at::native::binary_internal::DivFunctor<float> >, std::array<char*, 3ul>)",112,0.0,543.361,543.361,15
small-b4-c512-train_step-fp32-w5-n1,small,4,512,train_step,fp32,stage_range,profile/warmup,1,31.414,0.0,0.0,1
small-b4-c512-train_step-fp32-w5-n1,small,4,512,train_step,fp32,stage_range,profile/measure,1,114901.204,112656.832,1.024,2
small-b4-c512-train_step-fp32-w5-n1,small,4,512,train_step,fp32,stage_range,zero_grad,1,410.767,0.0,0.0,3
small-b4-c512-train_step-fp32-w5-n1,small,4,512,train_step,fp32,stage_range,forward,1,28359.149,29007.809,28864.935,4
small-b4-c512-train_step-fp32-w5-n1,small,4,512,train_step,fp32,stage_range,backward,1,51705.722,56430.592,0.864,5
small-b4-c512-train_step-fp32-w5-n1,small,4,512,train_step,fp32,stage_range,optimizer,1,33213.677,27218.431,0.0,6
small-b4-c512-train_step-fp32-w5-n1,small,4,512,train_step,fp32,stage_range,attention/scores,12,2870.31,2626.874,2626.874,7
small-b4-c512-train_step-fp32-w5-n1,small,4,512,train_step,fp32,stage_range,attention/softmax,12,1732.058,2762.395,2762.395,8
small-b4-c512-train_step-fp32-w5-n1,small,4,512,train_step,fp32,stage_range,attention/value,12,1768.496,1260.109,1260.109,9
small-b4-c512-train_step-fp32-w5-n1,small,4,512,train_step,fp32,operator,aten::bmm,327,7711.628,44712.064,44712.064,1
small-b4-c512-train_step-fp32-w5-n1,small,4,512,train_step,fp32,operator,autograd::engine::evaluate_function: BmmBackward0,109,6565.738,28883.202,0.0,2
small-b4-c512-train_step-fp32-w5-n1,small,4,512,train_step,fp32,operator,aten::einsum,109,9508.217,16007.872,0.0,3
small-b4-c512-train_step-fp32-w5-n1,small,4,512,train_step,fp32,operator,aten::mul,1206,16154.885,14512.755,14512.755,4
small-b4-c512-train_step-fp32-w5-n1,small,4,512,train_step,fp32,operator,autograd::engine::evaluate_function: DivBackward0,24,1470.728,8545.496,0.0,5
small-b4-c512-train_step-fp32-w5-n1,small,4,512,train_step,fp32,operator,aten::div,210,2974.248,7195.179,7195.179,6
small-b4-c512-train_step-fp32-w5-n1,small,4,512,train_step,fp32,operator,autograd::engine::evaluate_function: MulBackward0,170,6589.781,5251.156,0.0,7
small-b4-c512-train_step-fp32-w5-n1,small,4,512,train_step,fp32,operator,aten::add_,147,1363.462,3881.506,3881.506,8
small-b4-c512-train_step-fp32-w5-n1,small,4,512,train_step,fp32,operator,aten::where,48,1939.459,3068.0,1518.736,9
small-b4-c512-train_step-fp32-w5-n1,small,4,512,train_step,fp32,operator,aten::neg,52,670.725,2964.735,2964.735,10
small-b4-c512-train_step-fp32-w5-n1,small,4,512,train_step,fp32,operator,aten::copy_,207,2415.592,2616.603,2616.603,11
small-b4-c512-train_step-fp32-w5-n1,small,4,512,train_step,fp32,operator,aten::add,430,5675.168,2162.572,2162.572,12
small-b4-c512-train_step-fp32-w5-n1,small,4,512,train_step,fp32,operator,autograd::engine::evaluate_function: MaxBackward0,13,857.502,2045.782,0.0,13
small-b4-c512-train_step-fp32-w5-n1,small,4,512,train_step,fp32,operator,autograd::engine::evaluate_function: ExpBackward0,13,286.481,2002.581,0.0,14
small-b4-c512-train_step-fp32-w5-n1,small,4,512,train_step,fp32,operator,aten::sum,89,1693.822,1861.938,1861.938,15
small-b4-c512-train_step-fp32-w5-n1,small,4,512,train_step,fp32,cuda_kernel_or_activity,ampere_sgemm_128x64_tn,84,0.0,13396.136,13396.136,1
small-b4-c512-train_step-fp32-w5-n1,small,4,512,train_step,fp32,cuda_kernel_or_activity,ampere_sgemm_128x64_nn,72,0.0,9242.495,9242.495,2
small-b4-c512-train_step-fp32-w5-n1,small,4,512,train_step,fp32,cuda_kernel_or_activity,"void at::native::vectorized_elementwise_kernel<4, at::native::BinaryFunctor<float, float, float, at::native::binary_internal::MulFunctor<float> >, std::array<char*, 3ul> >(int, at::native::BinaryFunctor<float, float, float, at::native::binary_internal::MulFunctor<float> >, std::array<char*, 3ul>)",196,0.0,8376.982,8376.982,3
small-b4-c512-train_step-fp32-w5-n1,small,4,512,train_step,fp32,cuda_kernel_or_activity,void cutlass::Kernel2<cutlass_80_simt_sgemm_256x128_8x4_nt_align1>(cutlass_80_simt_sgemm_256x128_8x4_nt_align1::Params),36,0.0,7343.756,7343.756,4
small-b4-c512-train_step-fp32-w5-n1,small,4,512,train_step,fp32,cuda_kernel_or_activity,"void at::native::vectorized_elementwise_kernel<4, at::native::CUDAFunctor_add<float>, std::array<char*, 3ul> >(int, at::native::CUDAFunctor_add<float>, std::array<char*, 3ul>)",675,0.0,6034.232,6034.232,5
small-b4-c512-train_step-fp32-w5-n1,small,4,512,train_step,fp32,cuda_kernel_or_activity,ampere_sgemm_128x32_nt,48,0.0,4517.003,4517.003,6
small-b4-c512-train_step-fp32-w5-n1,small,4,512,train_step,fp32,cuda_kernel_or_activity,"void at::native::elementwise_kernel<128, 2, at::native::gpu_kernel_impl_nocast<at::native::BinaryFunctor<float, float, float, at::native::binary_internal::DivFunctor<float> > >(at::TensorIteratorBase&, at::native::BinaryFunctor<float, float, float, at::native::binary_internal::DivFunctor<float> > const&)::{lambda(int)#1}>(int, at::native::gpu_kernel_impl_nocast<at::native::BinaryFunctor<float, float, float, at::native::binary_internal::DivFunctor<float> > >(at::TensorIteratorBase&, at::native::BinaryFunctor<float, float, float, at::native::binary_internal::DivFunctor<float> > const&)::{lambda(int)#1})",48,0.0,4452.012,4452.012,7
small-b4-c512-train_step-fp32-w5-n1,small,4,512,train_step,fp32,cuda_kernel_or_activity,"void at::native::vectorized_elementwise_kernel<4, at::native::AUnaryFunctor<float, float, float, at::native::binary_internal::MulFunctor<float> >, std::array<char*, 2ul> >(int, at::native::AUnaryFunctor<float, float, float, at::native::binary_internal::MulFunctor<float> >, std::array<char*, 2ul>)",716,0.0,4422.831,4422.831,8
small-b4-c512-train_step-fp32-w5-n1,small,4,512,train_step,fp32,cuda_kernel_or_activity,void cutlass::Kernel2<cutlass_80_simt_sgemm_256x128_8x4_nn_align1>(cutlass_80_simt_sgemm_256x128_8x4_nn_align1::Params),13,0.0,3405.379,3405.379,9
small-b4-c512-train_step-fp32-w5-n1,small,4,512,train_step,fp32,cuda_kernel_or_activity,"void at::native::vectorized_elementwise_kernel<4, at::native::neg_kernel_cuda(at::TensorIteratorBase&)::{lambda()#2}::operator()() const::{lambda()#7}::operator()() const::{lambda(float)#1}, std::array<char*, 2ul> >(int, at::native::neg_kernel_cuda(at::TensorIteratorBase&)::{lambda()#2}::operator()() const::{lambda()#7}::operator()() const::{lambda(float)#1}, std::array<char*, 2ul>)",28,0.0,2823.647,2823.647,10
small-b4-c512-train_step-fp32-w5-n1,small,4,512,train_step,fp32,cuda_kernel_or_activity,"void at::native::elementwise_kernel<128, 2, at::native::gpu_kernel_impl_nocast<at::native::direct_copy_kernel_cuda(at::TensorIteratorBase&)::{lambda()#3}::operator()() const::{lambda()#7}::operator()() const::{lambda(float)#1}>(at::TensorIteratorBase&, at::native::direct_copy_kernel_cuda(at::TensorIteratorBase&)::{lambda()#3}::operator()() const::{lambda()#7}::operator()() const::{lambda(float)#1} const&)::{lambda(int)#1}>(int, at::native::gpu_kernel_impl_nocast<at::native::direct_copy_kernel_cuda(at::TensorIteratorBase&)::{lambda()#3}::operator()() const::{lambda()#7}::operator()() const::{lambda(float)#1}>(at::TensorIteratorBase&, at::native::direct_copy_kernel_cuda(at::TensorIteratorBase&)::{lambda()#3}::operator()() const::{lambda()#7}::operator()() const::{lambda(float)#1} const&)::{lambda(int)#1})",181,0.0,2489.914,2489.914,11
small-b4-c512-train_step-fp32-w5-n1,small,4,512,train_step,fp32,cuda_kernel_or_activity,ampere_sgemm_128x128_nn,24,0.0,2098.362,2098.362,12
small-b4-c512-train_step-fp32-w5-n1,small,4,512,train_step,fp32,cuda_kernel_or_activity,"void at::native::vectorized_elementwise_kernel<4, at::native::BUnaryFunctor<float, float, float, at::native::binary_internal::MulFunctor<float> >, std::array<char*, 2ul> >(int, at::native::BUnaryFunctor<float, float, float, at::native::binary_internal::MulFunctor<float> >, std::array<char*, 2ul>)",24,0.0,2087.897,2087.897,13
small-b4-c512-train_step-fp32-w5-n1,small,4,512,train_step,fp32,cuda_kernel_or_activity,ampere_sgemm_128x128_nt,24,0.0,2036.498,2036.498,14
small-b4-c512-train_step-fp32-w5-n1,small,4,512,train_step,fp32,cuda_kernel_or_activity,ampere_sgemm_128x128_tn,25,0.0,1966.607,1966.607,15
small-b4-c1024-train_step-fp32-w5-n1,small,4,1024,train_step,fp32,stage_range,profile/warmup,1,18.309,0.0,0.0,1
small-b4-c1024-train_step-fp32-w5-n1,small,4,1024,train_step,fp32,stage_range,profile/measure,1,246369.704,244303.361,0.993,2
small-b4-c1024-train_step-fp32-w5-n1,small,4,1024,train_step,fp32,stage_range,zero_grad,1,236.736,0.0,0.0,3
small-b4-c1024-train_step-fp32-w5-n1,small,4,1024,train_step,fp32,stage_range,forward,1,26913.23,75257.668,75115.851,4
small-b4-c1024-train_step-fp32-w5-n1,small,4,1024,train_step,fp32,stage_range,backward,1,98079.804,153990.845,0.865,5
small-b4-c1024-train_step-fp32-w5-n1,small,4,1024,train_step,fp32,stage_range,optimizer,1,119878.324,15054.848,0.0,6
small-b4-c1024-train_step-fp32-w5-n1,small,4,1024,train_step,fp32,stage_range,attention/scores,12,2629.288,12086.782,12086.782,7
small-b4-c1024-train_step-fp32-w5-n1,small,4,1024,train_step,fp32,stage_range,attention/softmax,12,1640.224,21036.539,21036.539,8
small-b4-c1024-train_step-fp32-w5-n1,small,4,1024,train_step,fp32,stage_range,attention/value,12,1657.37,4141.705,4141.705,9
small-b4-c1024-train_step-fp32-w5-n1,small,4,1024,train_step,fp32,operator,aten::bmm,327,21664.867,91970.978,91970.978,1
small-b4-c1024-train_step-fp32-w5-n1,small,4,1024,train_step,fp32,operator,autograd::engine::evaluate_function: BmmBackward0,109,20635.834,57878.782,0.0,2
small-b4-c1024-train_step-fp32-w5-n1,small,4,1024,train_step,fp32,operator,autograd::engine::evaluate_function: DivBackward0,24,2516.425,37102.334,0.0,3
small-b4-c1024-train_step-fp32-w5-n1,small,4,1024,train_step,fp32,operator,aten::mul,1206,63925.346,36825.343,35798.705,4
small-b4-c1024-train_step-fp32-w5-n1,small,4,1024,train_step,fp32,operator,aten::einsum,109,9292.533,34408.903,0.0,5
small-b4-c1024-train_step-fp32-w5-n1,small,4,1024,train_step,fp32,operator,aten::div,210,9155.963,31583.911,31510.408,6
small-b4-c1024-train_step-fp32-w5-n1,small,4,1024,train_step,fp32,operator,aten::add_,147,7234.886,16349.519,16349.519,7
small-b4-c1024-train_step-fp32-w5-n1,small,4,1024,train_step,fp32,operator,aten::where,48,2101.667,16100.969,8033.108,8
small-b4-c1024-train_step-fp32-w5-n1,small,4,1024,train_step,fp32,operator,aten::neg,52,1019.005,11992.126,11992.126,9
small-b4-c1024-train_step-fp32-w5-n1,small,4,1024,train_step,fp32,operator,autograd::engine::evaluate_function: MulBackward0,170,22300.658,11200.05,0.0,10
small-b4-c1024-train_step-fp32-w5-n1,small,4,1024,train_step,fp32,operator,aten::sum,89,4769.856,10717.899,10717.899,11
small-b4-c1024-train_step-fp32-w5-n1,small,4,1024,train_step,fp32,operator,autograd::engine::evaluate_function: MaxBackward0,13,1518.562,10587.981,0.0,12
small-b4-c1024-train_step-fp32-w5-n1,small,4,1024,train_step,fp32,operator,autograd::engine::evaluate_function: SubBackward0,38,1016.125,9813.448,0.0,13
small-b4-c1024-train_step-fp32-w5-n1,small,4,1024,train_step,fp32,operator,autograd::engine::evaluate_function: ExpBackward0,13,288.1,8695.866,0.0,14
small-b4-c1024-train_step-fp32-w5-n1,small,4,1024,train_step,fp32,operator,aten::exp,13,222.879,5527.576,5527.576,15
small-b4-c1024-train_step-fp32-w5-n1,small,4,1024,train_step,fp32,cuda_kernel_or_activity,"void at::native::vectorized_elementwise_kernel<4, at::native::BinaryFunctor<float, float, float, at::native::binary_internal::MulFunctor<float> >, std::array<char*, 3ul> >(int, at::native::BinaryFunctor<float, float, float, at::native::binary_internal::MulFunctor<float> >, std::array<char*, 3ul>)",196,0.0,28053.628,28053.628,1
small-b4-c1024-train_step-fp32-w5-n1,small,4,1024,train_step,fp32,cuda_kernel_or_activity,ampere_sgemm_128x64_tn,84,0.0,25907.281,25907.281,2
small-b4-c1024-train_step-fp32-w5-n1,small,4,1024,train_step,fp32,cuda_kernel_or_activity,"void at::native::elementwise_kernel<128, 2, at::native::gpu_kernel_impl_nocast<at::native::BinaryFunctor<float, float, float, at::native::binary_internal::DivFunctor<float> > >(at::TensorIteratorBase&, at::native::BinaryFunctor<float, float, float, at::native::binary_internal::DivFunctor<float> > const&)::{lambda(int)#1}>(int, at::native::gpu_kernel_impl_nocast<at::native::BinaryFunctor<float, float, float, at::native::binary_internal::DivFunctor<float> > >(at::TensorIteratorBase&, at::native::BinaryFunctor<float, float, float, at::native::binary_internal::DivFunctor<float> > const&)::{lambda(int)#1})",48,0.0,20385.717,20385.717,3
small-b4-c1024-train_step-fp32-w5-n1,small,4,1024,train_step,fp32,cuda_kernel_or_activity,void cutlass::Kernel2<cutlass_80_simt_sgemm_256x128_8x4_nn_align1>(cutlass_80_simt_sgemm_256x128_8x4_nn_align1::Params),73,0.0,15999.423,15999.423,4
small-b4-c1024-train_step-fp32-w5-n1,small,4,1024,train_step,fp32,cuda_kernel_or_activity,void cutlass::Kernel2<cutlass_80_simt_sgemm_128x256_8x4_nt_align1>(cutlass_80_simt_sgemm_128x256_8x4_nt_align1::Params),37,0.0,15481.951,15481.951,5
small-b4-c1024-train_step-fp32-w5-n1,small,4,1024,train_step,fp32,cuda_kernel_or_activity,"void at::native::vectorized_elementwise_kernel<4, at::native::CUDAFunctor_add<float>, std::array<char*, 3ul> >(int, at::native::CUDAFunctor_add<float>, std::array<char*, 3ul>)",675,0.0,15061.377,15061.377,6
small-b4-c1024-train_step-fp32-w5-n1,small,4,1024,train_step,fp32,cuda_kernel_or_activity,"void at::native::vectorized_elementwise_kernel<4, at::native::neg_kernel_cuda(at::TensorIteratorBase&)::{lambda()#2}::operator()() const::{lambda()#7}::operator()() const::{lambda(float)#1}, std::array<char*, 2ul> >(int, at::native::neg_kernel_cuda(at::TensorIteratorBase&)::{lambda()#2}::operator()() const::{lambda()#7}::operator()() const::{lambda(float)#1}, std::array<char*, 2ul>)",28,0.0,11742.714,11742.714,7
small-b4-c1024-train_step-fp32-w5-n1,small,4,1024,train_step,fp32,cuda_kernel_or_activity,"void at::native::reduce_kernel<512, 1, at::native::ReduceOp<float, at::native::func_wrapper_t<float, at::native::sum_functor<float, float, float>::operator()(at::TensorIterator&)::{lambda(float, float)#1}>, unsigned int, float, 4> >(at::native::ReduceOp<float, at::native::func_wrapper_t<float, at::native::sum_functor<float, float, float>::operator()(at::TensorIterator&)::{lambda(float, float)#1}>, unsigned int, float, 4>)",64,0.0,10456.78,10456.78,8
small-b4-c1024-train_step-fp32-w5-n1,small,4,1024,train_step,fp32,cuda_kernel_or_activity,"void at::native::vectorized_elementwise_kernel<4, at::native::BUnaryFunctor<float, float, float, at::native::binary_internal::MulFunctor<float> >, std::array<char*, 2ul> >(int, at::native::BUnaryFunctor<float, float, float, at::native::binary_internal::MulFunctor<float> >, std::array<char*, 2ul>)",24,0.0,10396.235,10396.235,9
small-b4-c1024-train_step-fp32-w5-n1,small,4,1024,train_step,fp32,cuda_kernel_or_activity,"void at::native::elementwise_kernel<128, 2, at::native::gpu_kernel_impl_nocast<at::native::CUDAFunctor_add<float> >(at::TensorIteratorBase&, at::native::CUDAFunctor_add<float> const&)::{lambda(int)#1}>(int, at::native::gpu_kernel_impl_nocast<at::native::CUDAFunctor_add<float> >(at::TensorIteratorBase&, at::native::CUDAFunctor_add<float> const&)::{lambda(int)#1})",26,0.0,9831.272,9831.272,10
small-b4-c1024-train_step-fp32-w5-n1,small,4,1024,train_step,fp32,cuda_kernel_or_activity,ampere_sgemm_128x128_nt,24,0.0,8256.088,8256.088,11
small-b4-c1024-train_step-fp32-w5-n1,small,4,1024,train_step,fp32,cuda_kernel_or_activity,"void at::native::elementwise_kernel<128, 2, at::native::gpu_kernel_impl_nocast<at::native::(anonymous namespace)::where_kernel_impl(at::TensorIterator&)::{lambda()#1}::operator()() const::{lambda()#7}::operator()() const::{lambda(bool, float, float)#1}>(at::TensorIteratorBase&, at::native::(anonymous namespace)::where_kernel_impl(at::TensorIterator&)::{lambda()#1}::operator()() const::{lambda()#7}::operator()() const::{lambda(bool, float, float)#1} const&)::{lambda(int)#1}>(int, at::native::gpu_kernel_impl_nocast<at::native::(anonymous namespace)::where_kernel_impl(at::TensorIterator&)::{lambda()#1}::operator()() const::{lambda()#7}::operator()() const::{lambda(bool, float, float)#1}>(at::TensorIteratorBase&, at::native::(anonymous namespace)::where_kernel_impl(at::TensorIterator&)::{lambda()#1}::operator()() const::{lambda()#7}::operator()() const::{lambda(bool, float, float)#1} const&)::{lambda(int)#1})",24,0.0,8033.108,8033.108,12
small-b4-c1024-train_step-fp32-w5-n1,small,4,1024,train_step,fp32,cuda_kernel_or_activity,ampere_sgemm_128x128_nn,24,0.0,7438.157,7438.157,13
small-b4-c1024-train_step-fp32-w5-n1,small,4,1024,train_step,fp32,cuda_kernel_or_activity,ampere_sgemm_128x128_tn,25,0.0,7234.154,7234.154,14
small-b4-c1024-train_step-fp32-w5-n1,small,4,1024,train_step,fp32,cuda_kernel_or_activity,void cutlass::Kernel2<cutlass_80_simt_sgemm_128x64_8x5_nt_align1>(cutlass_80_simt_sgemm_128x64_8x5_nt_align1::Params),48,0.0,6024.418,6024.418,15
medium-b4-c256-train_step-fp32-w5-n1,medium,4,256,train_step,fp32,stage_range,profile/warmup,1,18.06,0.0,0.0,1
medium-b4-c256-train_step-fp32-w5-n1,medium,4,256,train_step,fp32,stage_range,profile/measure,1,222384.801,219549.572,1.024,2
medium-b4-c256-train_step-fp32-w5-n1,medium,4,256,train_step,fp32,stage_range,zero_grad,1,398.938,0.0,0.0,3
medium-b4-c256-train_step-fp32-w5-n1,medium,4,256,train_step,fp32,stage_range,forward,1,53796.122,54179.84,52495.81,4
medium-b4-c256-train_step-fp32-w5-n1,medium,4,256,train_step,fp32,stage_range,backward,1,106993.031,106093.315,0.864,5
medium-b4-c256-train_step-fp32-w5-n1,medium,4,256,train_step,fp32,stage_range,optimizer,1,58455.847,59276.417,0.0,6
medium-b4-c256-train_step-fp32-w5-n1,medium,4,256,train_step,fp32,stage_range,attention/scores,24,5305.907,2685.951,2685.951,7
medium-b4-c256-train_step-fp32-w5-n1,medium,4,256,train_step,fp32,stage_range,attention/softmax,24,3284.614,2374.076,2374.076,8
medium-b4-c256-train_step-fp32-w5-n1,medium,4,256,train_step,fp32,stage_range,attention/value,24,3303.803,1359.791,1359.791,9
medium-b4-c256-train_step-fp32-w5-n1,medium,4,256,train_step,fp32,operator,aten::bmm,651,15436.153,64183.4,64183.4,1
medium-b4-c256-train_step-fp32-w5-n1,medium,4,256,train_step,fp32,operator,autograd::engine::evaluate_function: BmmBackward0,217,13301.652,39459.948,0.0,2
medium-b4-c256-train_step-fp32-w5-n1,medium,4,256,train_step,fp32,operator,aten::einsum,217,18645.37,24948.384,0.0,3
medium-b4-c256-train_step-fp32-w5-n1,medium,4,256,train_step,fp32,operator,aten::mul,2382,30778.157,23470.895,23459.982,4
medium-b4-c256-train_step-fp32-w5-n1,medium,4,256,train_step,fp32,operator,aten::copy_,411,4811.708,6959.214,6959.214,5
medium-b4-c256-train_step-fp32-w5-n1,medium,4,256,train_step,fp32,operator,autograd::engine::evaluate_function: MulBackward0,338,13139.602,6127.232,0.0,6
medium-b4-c256-train_step-fp32-w5-n1,medium,4,256,train_step,fp32,operator,autograd::engine::evaluate_function: torch::autograd::AccumulateGrad,219,4664.493,5756.19,0.0,7
medium-b4-c256-train_step-fp32-w5-n1,medium,4,256,train_step,fp32,operator,aten::add,850,10492.615,5248.345,5248.345,8
medium-b4-c256-train_step-fp32-w5-n1,medium,4,256,train_step,fp32,operator,aten::div,414,5572.208,4664.676,4664.676,9
medium-b4-c256-train_step-fp32-w5-n1,medium,4,256,train_step,fp32,operator,aten::sub_,438,3964.35,4203.374,4203.374,10
medium-b4-c256-train_step-fp32-w5-n1,medium,4,256,train_step,fp32,operator,autograd::engine::evaluate_function: DivBackward0,48,3032.504,3269.147,0.0,11
medium-b4-c256-train_step-fp32-w5-n1,medium,4,256,train_step,fp32,operator,aten::pow,366,5972.187,2817.986,2660.638,12
medium-b4-c256-train_step-fp32-w5-n1,medium,4,256,train_step,fp32,operator,aten::square,219,3280.022,2454.238,0.0,13
medium-b4-c256-train_step-fp32-w5-n1,medium,4,256,train_step,fp32,operator,aten::fill_,515,4581.17,2113.84,2113.84,14
medium-b4-c256-train_step-fp32-w5-n1,medium,4,256,train_step,fp32,operator,aten::zero_,466,5293.936,2072.462,0.0,15
medium-b4-c256-train_step-fp32-w5-n1,medium,4,256,train_step,fp32,cuda_kernel_or_activity,ampere_sgemm_128x64_tn,169,0.0,23596.368,23596.368,1
medium-b4-c256-train_step-fp32-w5-n1,medium,4,256,train_step,fp32,cuda_kernel_or_activity,void cutlass::Kernel2<cutlass_80_simt_sgemm_256x128_8x4_nn_align1>(cutlass_80_simt_sgemm_256x128_8x4_nn_align1::Params),73,0.0,14863.514,14863.514,2
medium-b4-c256-train_step-fp32-w5-n1,medium,4,256,train_step,fp32,cuda_kernel_or_activity,"void at::native::vectorized_elementwise_kernel<4, at::native::AUnaryFunctor<float, float, float, at::native::binary_internal::MulFunctor<float> >, std::array<char*, 2ul> >(int, at::native::AUnaryFunctor<float, float, float, at::native::binary_internal::MulFunctor<float> >, std::array<char*, 2ul>)",1412,0.0,14833.165,14833.165,3
medium-b4-c256-train_step-fp32-w5-n1,medium,4,256,train_step,fp32,cuda_kernel_or_activity,void cutlass::Kernel2<cutlass_80_simt_sgemm_128x256_8x4_nt_align1>(cutlass_80_simt_sgemm_128x256_8x4_nt_align1::Params),73,0.0,11900.641,11900.641,4
medium-b4-c256-train_step-fp32-w5-n1,medium,4,256,train_step,fp32,cuda_kernel_or_activity,"void at::native::vectorized_elementwise_kernel<4, at::native::CUDAFunctor_add<float>, std::array<char*, 3ul> >(int, at::native::CUDAFunctor_add<float>, std::array<char*, 3ul>)",1335,0.0,9887.399,9887.399,5
medium-b4-c256-train_step-fp32-w5-n1,medium,4,256,train_step,fp32,cuda_kernel_or_activity,"void at::native::elementwise_kernel<128, 2, at::native::gpu_kernel_impl_nocast<at::native::direct_copy_kernel_cuda(at::TensorIteratorBase&)::{lambda()#3}::operator()() const::{lambda()#7}::operator()() const::{lambda(float)#1}>(at::TensorIteratorBase&, at::native::direct_copy_kernel_cuda(at::TensorIteratorBase&)::{lambda()#3}::operator()() const::{lambda()#7}::operator()() const::{lambda(float)#1} const&)::{lambda(int)#1}>(int, at::native::gpu_kernel_impl_nocast<at::native::direct_copy_kernel_cuda(at::TensorIteratorBase&)::{lambda()#3}::operator()() const::{lambda()#7}::operator()() const::{lambda(float)#1}>(at::TensorIteratorBase&, at::native::direct_copy_kernel_cuda(at::TensorIteratorBase&)::{lambda()#3}::operator()() const::{lambda()#7}::operator()() const::{lambda(float)#1} const&)::{lambda(int)#1})",361,0.0,6736.266,6736.266,6
medium-b4-c256-train_step-fp32-w5-n1,medium,4,256,train_step,fp32,cuda_kernel_or_activity,"void at::native::vectorized_elementwise_kernel<4, at::native::BinaryFunctor<float, float, float, at::native::binary_internal::MulFunctor<float> >, std::array<char*, 3ul> >(int, at::native::BinaryFunctor<float, float, float, at::native::binary_internal::MulFunctor<float> >, std::array<char*, 3ul>)",388,0.0,6154.346,6154.346,7
medium-b4-c256-train_step-fp32-w5-n1,medium,4,256,train_step,fp32,cuda_kernel_or_activity,void cutlass::Kernel2<cutlass_80_simt_sgemm_64x64_8x5_nt_align1>(cutlass_80_simt_sgemm_64x64_8x5_nt_align1::Params),96,0.0,5235.447,5235.447,8
medium-b4-c256-train_step-fp32-w5-n1,medium,4,256,train_step,fp32,cuda_kernel_or_activity,void cutlass::Kernel2<cutlass_80_simt_sgemm_128x64_8x5_nn_align1>(cutlass_80_simt_sgemm_128x64_8x5_nn_align1::Params),96,0.0,5030.78,5030.78,9
medium-b4-c256-train_step-fp32-w5-n1,medium,4,256,train_step,fp32,cuda_kernel_or_activity,"void at::native::vectorized_elementwise_kernel<4, at::native::(anonymous namespace)::pow_tensor_scalar_kernel_impl<float, float>(at::TensorIteratorBase&, float)::{lambda(float)#1}, std::array<char*, 2ul> >(int, at::native::(anonymous namespace)::pow_tensor_scalar_kernel_impl<float, float>(at::TensorIteratorBase&, float)::{lambda(float)#1}, std::array<char*, 2ul>)",268,0.0,2612.636,2612.636,10
medium-b4-c256-train_step-fp32-w5-n1,medium,4,256,train_step,fp32,cuda_kernel_or_activity,"void at::native::elementwise_kernel<128, 2, at::native::gpu_kernel_impl_nocast<at::native::BinaryFunctor<float, float, float, at::native::binary_internal::MulFunctor<float> > >(at::TensorIteratorBase&, at::native::BinaryFunctor<float, float, float, at::native::binary_internal::MulFunctor<float> > const&)::{lambda(int)#1}>(int, at::native::gpu_kernel_impl_nocast<at::native::BinaryFunctor<float, float, float, at::native::binary_internal::MulFunctor<float> > >(at::TensorIteratorBase&, at::native::BinaryFunctor<float, float, float, at::native::binary_internal::MulFunctor<float> > const&)::{lambda(int)#1})",581,0.0,2471.383,2471.383,11
medium-b4-c256-train_step-fp32-w5-n1,medium,4,256,train_step,fp32,cuda_kernel_or_activity,"void at::native::vectorized_elementwise_kernel<4, at::native::FillFunctor<float>, std::array<char*, 1ul> >(int, at::native::FillFunctor<float>, std::array<char*, 1ul>)",515,0.0,2113.84,2113.84,12
medium-b4-c256-train_step-fp32-w5-n1,medium,4,256,train_step,fp32,cuda_kernel_or_activity,"void at::native::elementwise_kernel<128, 2, at::native::gpu_kernel_impl_nocast<at::native::BinaryFunctor<float, float, float, at::native::binary_internal::DivFunctor<float> > >(at::TensorIteratorBase&, at::native::BinaryFunctor<float, float, float, at::native::binary_internal::DivFunctor<float> > const&)::{lambda(int)#1}>(int, at::native::gpu_kernel_impl_nocast<at::native::BinaryFunctor<float, float, float, at::native::binary_internal::DivFunctor<float> > >(at::TensorIteratorBase&, at::native::BinaryFunctor<float, float, float, at::native::binary_internal::DivFunctor<float> > const&)::{lambda(int)#1})",96,0.0,2008.209,2008.209,13
medium-b4-c256-train_step-fp32-w5-n1,medium,4,256,train_step,fp32,cuda_kernel_or_activity,"void at::native::vectorized_elementwise_kernel<4, at::native::BinaryFunctor<float, float, float, at::native::binary_internal::DivFunctor<float> >, std::array<char*, 3ul> >(int, at::native::BinaryFunctor<float, float, float, at::native::binary_internal::DivFunctor<float> >, std::array<char*, 3ul>)",220,0.0,1712.172,1712.172,14
medium-b4-c256-train_step-fp32-w5-n1,medium,4,256,train_step,fp32,cuda_kernel_or_activity,ampere_sgemm_128x128_nn,48,0.0,1262.157,1262.157,15
medium-b4-c512-train_step-fp32-w5-n1,medium,4,512,train_step,fp32,stage_range,profile/warmup,1,20.711,0.0,0.0,1
medium-b4-c512-train_step-fp32-w5-n1,medium,4,512,train_step,fp32,stage_range,profile/measure,1,285901.382,282000.294,0.96,2
medium-b4-c512-train_step-fp32-w5-n1,medium,4,512,train_step,fp32,stage_range,zero_grad,1,448.282,0.0,0.0,3
medium-b4-c512-train_step-fp32-w5-n1,medium,4,512,train_step,fp32,stage_range,forward,1,56893.047,79141.411,77769.175,4
medium-b4-c512-train_step-fp32-w5-n1,medium,4,512,train_step,fp32,stage_range,backward,1,129055.806,158794.724,0.897,5
medium-b4-c512-train_step-fp32-w5-n1,medium,4,512,train_step,fp32,stage_range,optimizer,1,96537.272,44064.159,0.0,6
medium-b4-c512-train_step-fp32-w5-n1,medium,4,512,train_step,fp32,stage_range,attention/scores,24,5659.323,7810.672,7810.672,7
medium-b4-c512-train_step-fp32-w5-n1,medium,4,512,train_step,fp32,stage_range,attention/softmax,24,3437.664,11454.424,11454.424,8
medium-b4-c512-train_step-fp32-w5-n1,medium,4,512,train_step,fp32,stage_range,attention/value,24,3475.48,2949.568,2949.568,9
medium-b4-c512-train_step-fp32-w5-n1,medium,4,512,train_step,fp32,operator,aten::bmm,651,31281.303,127234.694,127234.694,1
medium-b4-c512-train_step-fp32-w5-n1,medium,4,512,train_step,fp32,operator,autograd::engine::evaluate_function: BmmBackward0,217,28868.384,79580.43,0.0,2
medium-b4-c512-train_step-fp32-w5-n1,medium,4,512,train_step,fp32,operator,aten::einsum,217,19516.811,48111.387,0.0,3
medium-b4-c512-train_step-fp32-w5-n1,medium,4,512,train_step,fp32,operator,aten::mul,2382,47707.002,46067.624,44699.997,4
medium-b4-c512-train_step-fp32-w5-n1,medium,4,512,train_step,fp32,operator,autograd::engine::evaluate_function: DivBackward0,48,2969.73,25119.723,0.0,5
medium-b4-c512-train_step-fp32-w5-n1,medium,4,512,train_step,fp32,operator,aten::div,414,8278.942,22239.663,22091.147,6
medium-b4-c512-train_step-fp32-w5-n1,medium,4,512,train_step,fp32,operator,autograd::engine::evaluate_function: MulBackward0,338,18621.782,14510.778,0.0,7
medium-b4-c512-train_step-fp32-w5-n1,medium,4,512,train_step,fp32,operator,aten::add_,291,3077.742,11075.28,11075.28,8
medium-b4-c512-train_step-fp32-w5-n1,medium,4,512,train_step,fp32,operator,aten::where,96,3834.314,10845.679,5385.88,9
medium-b4-c512-train_step-fp32-w5-n1,medium,4,512,train_step,fp32,operator,aten::copy_,411,4906.23,8149.054,8149.054,10
medium-b4-c512-train_step-fp32-w5-n1,medium,4,512,train_step,fp32,operator,aten::neg,100,1280.995,7794.228,7794.228,11
medium-b4-c512-train_step-fp32-w5-n1,medium,4,512,train_step,fp32,operator,autograd::engine::evaluate_function: MaxBackward0,25,1646.629,6399.743,0.0,12
medium-b4-c512-train_step-fp32-w5-n1,medium,4,512,train_step,fp32,operator,aten::add,850,21183.157,6290.434,5876.478,13
medium-b4-c512-train_step-fp32-w5-n1,medium,4,512,train_step,fp32,operator,autograd::engine::evaluate_function: torch::autograd::AccumulateGrad,219,4690.567,6004.997,0.0,14
medium-b4-c512-train_step-fp32-w5-n1,medium,4,512,train_step,fp32,operator,aten::sum,173,4695.483,5726.816,5726.816,15
medium-b4-c512-train_step-fp32-w5-n1,medium,4,512,train_step,fp32,cuda_kernel_or_activity,ampere_sgemm_128x64_tn,168,0.0,42434.494,42434.494,1
medium-b4-c512-train_step-fp32-w5-n1,medium,4,512,train_step,fp32,cuda_kernel_or_activity,"void at::native::vectorized_elementwise_kernel<4, at::native::BinaryFunctor<float, float, float, at::native::binary_internal::MulFunctor<float> >, std::array<char*, 3ul> >(int, at::native::BinaryFunctor<float, float, float, at::native::binary_internal::MulFunctor<float> >, std::array<char*, 3ul>)",388,0.0,25802.287,25802.287,2
medium-b4-c512-train_step-fp32-w5-n1,medium,4,512,train_step,fp32,cuda_kernel_or_activity,void cutlass::Kernel2<cutlass_80_simt_sgemm_256x128_8x4_nn_align1>(cutlass_80_simt_sgemm_256x128_8x4_nn_align1::Params),73,0.0,25743.54,25743.54,3
medium-b4-c512-train_step-fp32-w5-n1,medium,4,512,train_step,fp32,cuda_kernel_or_activity,void cutlass::Kernel2<cutlass_80_simt_sgemm_256x128_8x4_nt_align1>(cutlass_80_simt_sgemm_256x128_8x4_nt_align1::Params),72,0.0,22780.4,22780.4,4
medium-b4-c512-train_step-fp32-w5-n1,medium,4,512,train_step,fp32,cuda_kernel_or_activity,"void at::native::vectorized_elementwise_kernel<4, at::native::CUDAFunctor_add<float>, std::array<char*, 3ul> >(int, at::native::CUDAFunctor_add<float>, std::array<char*, 3ul>)",1335,0.0,17629.237,17629.237,5
medium-b4-c512-train_step-fp32-w5-n1,medium,4,512,train_step,fp32,cuda_kernel_or_activity,"void at::native::vectorized_elementwise_kernel<4, at::native::AUnaryFunctor<float, float, float, at::native::binary_internal::MulFunctor<float> >, std::array<char*, 2ul> >(int, at::native::AUnaryFunctor<float, float, float, at::native::binary_internal::MulFunctor<float> >, std::array<char*, 2ul>)",1412,0.0,15040.572,15040.572,6
medium-b4-c512-train_step-fp32-w5-n1,medium,4,512,train_step,fp32,cuda_kernel_or_activity,"void at::native::elementwise_kernel<128, 2, at::native::gpu_kernel_impl_nocast<at::native::BinaryFunctor<float, float, float, at::native::binary_internal::DivFunctor<float> > >(at::TensorIteratorBase&, at::native::BinaryFunctor<float, float, float, at::native::binary_internal::DivFunctor<float> > const&)::{lambda(int)#1}>(int, at::native::gpu_kernel_impl_nocast<at::native::BinaryFunctor<float, float, float, at::native::binary_internal::DivFunctor<float> > >(at::TensorIteratorBase&, at::native::BinaryFunctor<float, float, float, at::native::binary_internal::DivFunctor<float> > const&)::{lambda(int)#1})",96,0.0,13241.962,13241.962,7
medium-b4-c512-train_step-fp32-w5-n1,medium,4,512,train_step,fp32,cuda_kernel_or_activity,ampere_sgemm_128x64_nn,96,0.0,10554.387,10554.387,8
medium-b4-c512-train_step-fp32-w5-n1,medium,4,512,train_step,fp32,cuda_kernel_or_activity,void cutlass::Kernel2<cutlass_80_simt_sgemm_64x64_8x5_nt_align1>(cutlass_80_simt_sgemm_64x64_8x5_nt_align1::Params),96,0.0,10434.831,10434.831,9
medium-b4-c512-train_step-fp32-w5-n1,medium,4,512,train_step,fp32,cuda_kernel_or_activity,"void at::native::elementwise_kernel<128, 2, at::native::gpu_kernel_impl_nocast<at::native::direct_copy_kernel_cuda(at::TensorIteratorBase&)::{lambda()#3}::operator()() const::{lambda()#7}::operator()() const::{lambda(float)#1}>(at::TensorIteratorBase&, at::native::direct_copy_kernel_cuda(at::TensorIteratorBase&)::{lambda()#3}::operator()() const::{lambda()#7}::operator()() const::{lambda(float)#1} const&)::{lambda(int)#1}>(int, at::native::gpu_kernel_impl_nocast<at::native::direct_copy_kernel_cuda(at::TensorIteratorBase&)::{lambda()#3}::operator()() const::{lambda()#7}::operator()() const::{lambda(float)#1}>(at::TensorIteratorBase&, at::native::direct_copy_kernel_cuda(at::TensorIteratorBase&)::{lambda()#3}::operator()() const::{lambda()#7}::operator()() const::{lambda(float)#1} const&)::{lambda(int)#1})",361,0.0,7827.545,7827.545,10
medium-b4-c512-train_step-fp32-w5-n1,medium,4,512,train_step,fp32,cuda_kernel_or_activity,"void at::native::vectorized_elementwise_kernel<4, at::native::neg_kernel_cuda(at::TensorIteratorBase&)::{lambda()#2}::operator()() const::{lambda()#7}::operator()() const::{lambda(float)#1}, std::array<char*, 2ul> >(int, at::native::neg_kernel_cuda(at::TensorIteratorBase&)::{lambda()#2}::operator()() const::{lambda()#7}::operator()() const::{lambda(float)#1}, std::array<char*, 2ul>)",52,0.0,7531.151,7531.151,11
medium-b4-c512-train_step-fp32-w5-n1,medium,4,512,train_step,fp32,cuda_kernel_or_activity,"void at::native::vectorized_elementwise_kernel<4, at::native::BUnaryFunctor<float, float, float, at::native::binary_internal::MulFunctor<float> >, std::array<char*, 2ul> >(int, at::native::BUnaryFunctor<float, float, float, at::native::binary_internal::MulFunctor<float> >, std::array<char*, 2ul>)",48,0.0,6799.435,6799.435,12
medium-b4-c512-train_step-fp32-w5-n1,medium,4,512,train_step,fp32,cuda_kernel_or_activity,"void at::native::elementwise_kernel<128, 2, at::native::gpu_kernel_impl_nocast<at::native::CUDAFunctor_add<float> >(at::TensorIteratorBase&, at::native::CUDAFunctor_add<float> const&)::{lambda(int)#1}>(int, at::native::gpu_kernel_impl_nocast<at::native::CUDAFunctor_add<float> >(at::TensorIteratorBase&, at::native::CUDAFunctor_add<float> const&)::{lambda(int)#1})",50,0.0,5595.833,5595.833,13
medium-b4-c512-train_step-fp32-w5-n1,medium,4,512,train_step,fp32,cuda_kernel_or_activity,"void at::native::elementwise_kernel<128, 2, at::native::gpu_kernel_impl_nocast<at::native::(anonymous namespace)::where_kernel_impl(at::TensorIterator&)::{lambda()#1}::operator()() const::{lambda()#7}::operator()() const::{lambda(bool, float, float)#1}>(at::TensorIteratorBase&, at::native::(anonymous namespace)::where_kernel_impl(at::TensorIterator&)::{lambda()#1}::operator()() const::{lambda()#7}::operator()() const::{lambda(bool, float, float)#1} const&)::{lambda(int)#1}>(int, at::native::gpu_kernel_impl_nocast<at::native::(anonymous namespace)::where_kernel_impl(at::TensorIterator&)::{lambda()#1}::operator()() const::{lambda()#7}::operator()() const::{lambda(bool, float, float)#1}>(at::TensorIteratorBase&, at::native::(anonymous namespace)::where_kernel_impl(at::TensorIterator&)::{lambda()#1}::operator()() const::{lambda()#7}::operator()() const::{lambda(bool, float, float)#1} const&)::{lambda(int)#1})",48,0.0,5385.88,5385.88,14
medium-b4-c512-train_step-fp32-w5-n1,medium,4,512,train_step,fp32,cuda_kernel_or_activity,"void at::native::reduce_kernel<512, 1, at::native::ReduceOp<float, at::native::func_wrapper_t<float, at::native::sum_functor<float, float, float>::operator()(at::TensorIterator&)::{lambda(float, float)#1}>, unsigned int, float, 4> >(at::native::ReduceOp<float, at::native::func_wrapper_t<float, at::native::sum_functor<float, float, float>::operator()(at::TensorIterator&)::{lambda(float, float)#1}>, unsigned int, float, 4>)",124,0.0,5313.337,5313.337,15
medium-b4-c1024-train_step-fp32-w5-n1,medium,4,1024,train_step,fp32,stage_range,profile/warmup,1,20.853,0.0,0.0,1
medium-b4-c1024-train_step-fp32-w5-n1,medium,4,1024,train_step,fp32,stage_range,profile/measure,1,690231.698,685753.869,1.504,2
medium-b4-c1024-train_step-fp32-w5-n1,medium,4,1024,train_step,fp32,stage_range,zero_grad,1,502.038,0.0,0.0,3
medium-b4-c1024-train_step-fp32-w5-n1,medium,4,1024,train_step,fp32,stage_range,forward,1,57089.264,213608.704,212076.096,4
medium-b4-c1024-train_step-fp32-w5-n1,medium,4,1024,train_step,fp32,stage_range,backward,1,438131.977,429260.59,0.863,5
medium-b4-c1024-train_step-fp32-w5-n1,medium,4,1024,train_step,fp32,stage_range,optimizer,1,191486.219,42884.575,0.0,6
medium-b4-c1024-train_step-fp32-w5-n1,medium,4,1024,train_step,fp32,stage_range,attention/scores,24,5412.552,32491.965,32491.965,7
medium-b4-c1024-train_step-fp32-w5-n1,medium,4,1024,train_step,fp32,stage_range,attention/softmax,24,3431.588,55934.419,55934.419,8
medium-b4-c1024-train_step-fp32-w5-n1,medium,4,1024,train_step,fp32,stage_range,attention/value,24,3419.331,10748.597,10748.597,9
medium-b4-c1024-train_step-fp32-w5-n1,medium,4,1024,train_step,fp32,operator,aten::bmm,651,112382.775,281066.184,281066.184,1
medium-b4-c1024-train_step-fp32-w5-n1,medium,4,1024,train_step,fp32,operator,autograd::engine::evaluate_function: BmmBackward0,217,110631.423,174480.72,0.0,2
medium-b4-c1024-train_step-fp32-w5-n1,medium,4,1024,train_step,fp32,operator,aten::einsum,217,19554.104,107416.546,0.0,3
medium-b4-c1024-train_step-fp32-w5-n1,medium,4,1024,train_step,fp32,operator,aten::mul,2382,172476.462,102584.752,100236.882,4
medium-b4-c1024-train_step-fp32-w5-n1,medium,4,1024,train_step,fp32,operator,autograd::engine::evaluate_function: DivBackward0,48,9823.796,98565.314,0.0,5
medium-b4-c1024-train_step-fp32-w5-n1,medium,4,1024,train_step,fp32,operator,aten::div,414,21904.262,84869.907,84689.872,6
medium-b4-c1024-train_step-fp32-w5-n1,medium,4,1024,train_step,fp32,operator,aten::add_,291,35608.174,43450.89,43450.89,7
medium-b4-c1024-train_step-fp32-w5-n1,medium,4,1024,train_step,fp32,operator,aten::where,96,4809.241,42894.28,21413.221,8
medium-b4-c1024-train_step-fp32-w5-n1,medium,4,1024,train_step,fp32,operator,autograd::engine::evaluate_function: MulBackward0,338,119366.065,30584.152,0.0,9
medium-b4-c1024-train_step-fp32-w5-n1,medium,4,1024,train_step,fp32,operator,aten::neg,100,4681.323,29721.826,29721.826,10
medium-b4-c1024-train_step-fp32-w5-n1,medium,4,1024,train_step,fp32,operator,autograd::engine::evaluate_function: MaxBackward0,25,5139.748,27458.857,0.0,11
medium-b4-c1024-train_step-fp32-w5-n1,medium,4,1024,train_step,fp32,operator,aten::sum,173,30240.289,25924.619,25924.619,12
medium-b4-c1024-train_step-fp32-w5-n1,medium,4,1024,train_step,fp32,operator,autograd::engine::evaluate_function: SubBackward0,74,5054.151,23813.091,0.0,13
medium-b4-c1024-train_step-fp32-w5-n1,medium,4,1024,train_step,fp32,operator,autograd::engine::evaluate_function: ExpBackward0,25,2252.28,21792.073,0.0,14
medium-b4-c1024-train_step-fp32-w5-n1,medium,4,1024,train_step,fp32,operator,aten::exp,25,458.289,14224.666,14224.666,15
medium-b4-c1024-train_step-fp32-w5-n1,medium,4,1024,train_step,fp32,cuda_kernel_or_activity,ampere_sgemm_128x64_tn,168,0.0,86853.065,86853.065,1
medium-b4-c1024-train_step-fp32-w5-n1,medium,4,1024,train_step,fp32,cuda_kernel_or_activity,"void at::native::vectorized_elementwise_kernel<4, at::native::BinaryFunctor<float, float, float, at::native::binary_internal::MulFunctor<float> >, std::array<char*, 3ul> >(int, at::native::BinaryFunctor<float, float, float, at::native::binary_internal::MulFunctor<float> >, std::array<char*, 3ul>)",388,0.0,76984.414,76984.414,2
medium-b4-c1024-train_step-fp32-w5-n1,medium,4,1024,train_step,fp32,cuda_kernel_or_activity,"void at::native::elementwise_kernel<128, 2, at::native::gpu_kernel_impl_nocast<at::native::BinaryFunctor<float, float, float, at::native::binary_internal::DivFunctor<float> > >(at::TensorIteratorBase&, at::native::BinaryFunctor<float, float, float, at::native::binary_internal::DivFunctor<float> > const&)::{lambda(int)#1}>(int, at::native::gpu_kernel_impl_nocast<at::native::BinaryFunctor<float, float, float, at::native::binary_internal::DivFunctor<float> > >(at::TensorIteratorBase&, at::native::BinaryFunctor<float, float, float, at::native::binary_internal::DivFunctor<float> > const&)::{lambda(int)#1})",96,0.0,54681.638,54681.638,3
medium-b4-c1024-train_step-fp32-w5-n1,medium,4,1024,train_step,fp32,cuda_kernel_or_activity,void cutlass::Kernel2<cutlass_80_simt_sgemm_256x128_8x4_nn_align1>(cutlass_80_simt_sgemm_256x128_8x4_nn_align1::Params),145,0.0,51530.6,51530.6,4
medium-b4-c1024-train_step-fp32-w5-n1,medium,4,1024,train_step,fp32,cuda_kernel_or_activity,void cutlass::Kernel2<cutlass_80_simt_sgemm_128x256_8x4_nt_align1>(cutlass_80_simt_sgemm_128x256_8x4_nt_align1::Params),73,0.0,48298.436,48298.436,5
medium-b4-c1024-train_step-fp32-w5-n1,medium,4,1024,train_step,fp32,cuda_kernel_or_activity,"void at::native::vectorized_elementwise_kernel<4, at::native::CUDAFunctor_add<float>, std::array<char*, 3ul> >(int, at::native::CUDAFunctor_add<float>, std::array<char*, 3ul>)",1335,0.0,41313.679,41313.679,6
medium-b4-c1024-train_step-fp32-w5-n1,medium,4,1024,train_step,fp32,cuda_kernel_or_activity,"void at::native::vectorized_elementwise_kernel<4, at::native::neg_kernel_cuda(at::TensorIteratorBase&)::{lambda()#2}::operator()() const::{lambda()#7}::operator()() const::{lambda(float)#1}, std::array<char*, 2ul> >(int, at::native::neg_kernel_cuda(at::TensorIteratorBase&)::{lambda()#2}::operator()() const::{lambda()#7}::operator()() const::{lambda(float)#1}, std::array<char*, 2ul>)",52,0.0,29031.766,29031.766,7
medium-b4-c1024-train_step-fp32-w5-n1,medium,4,1024,train_step,fp32,cuda_kernel_or_activity,"void at::native::vectorized_elementwise_kernel<4, at::native::BUnaryFunctor<float, float, float, at::native::binary_internal::MulFunctor<float> >, std::array<char*, 2ul> >(int, at::native::BUnaryFunctor<float, float, float, at::native::binary_internal::MulFunctor<float> >, std::array<char*, 2ul>)",48,0.0,27790.22,27790.22,8
medium-b4-c1024-train_step-fp32-w5-n1,medium,4,1024,train_step,fp32,cuda_kernel_or_activity,"void at::native::elementwise_kernel<128, 2, at::native::gpu_kernel_impl_nocast<at::native::CUDAFunctor_add<float> >(at::TensorIteratorBase&, at::native::CUDAFunctor_add<float> const&)::{lambda(int)#1}>(int, at::native::gpu_kernel_impl_nocast<at::native::CUDAFunctor_add<float> >(at::TensorIteratorBase&, at::native::CUDAFunctor_add<float> const&)::{lambda(int)#1})",50,0.0,26017.753,26017.753,9
medium-b4-c1024-train_step-fp32-w5-n1,medium,4,1024,train_step,fp32,cuda_kernel_or_activity,"void at::native::reduce_kernel<512, 1, at::native::ReduceOp<float, at::native::func_wrapper_t<float, at::native::sum_functor<float, float, float>::operator()(at::TensorIterator&)::{lambda(float, float)#1}>, unsigned int, float, 4> >(at::native::ReduceOp<float, at::native::func_wrapper_t<float, at::native::sum_functor<float, float, float>::operator()(at::TensorIterator&)::{lambda(float, float)#1}>, unsigned int, float, 4>)",124,0.0,25379.885,25379.885,10
medium-b4-c1024-train_step-fp32-w5-n1,medium,4,1024,train_step,fp32,cuda_kernel_or_activity,"void at::native::elementwise_kernel<128, 2, at::native::gpu_kernel_impl_nocast<at::native::(anonymous namespace)::where_kernel_impl(at::TensorIterator&)::{lambda()#1}::operator()() const::{lambda()#7}::operator()() const::{lambda(bool, float, float)#1}>(at::TensorIteratorBase&, at::native::(anonymous namespace)::where_kernel_impl(at::TensorIterator&)::{lambda()#1}::operator()() const::{lambda()#7}::operator()() const::{lambda(bool, float, float)#1} const&)::{lambda(int)#1}>(int, at::native::gpu_kernel_impl_nocast<at::native::(anonymous namespace)::where_kernel_impl(at::TensorIterator&)::{lambda()#1}::operator()() const::{lambda()#7}::operator()() const::{lambda(bool, float, float)#1}>(at::TensorIteratorBase&, at::native::(anonymous namespace)::where_kernel_impl(at::TensorIterator&)::{lambda()#1}::operator()() const::{lambda()#7}::operator()() const::{lambda(bool, float, float)#1} const&)::{lambda(int)#1})",48,0.0,21413.221,21413.221,11
medium-b4-c1024-train_step-fp32-w5-n1,medium,4,1024,train_step,fp32,cuda_kernel_or_activity,ampere_sgemm_128x128_nn,48,0.0,19575.599,19575.599,12
medium-b4-c1024-train_step-fp32-w5-n1,medium,4,1024,train_step,fp32,cuda_kernel_or_activity,ampere_sgemm_128x64_nn,24,0.0,19543.537,19543.537,13
medium-b4-c1024-train_step-fp32-w5-n1,medium,4,1024,train_step,fp32,cuda_kernel_or_activity,ampere_sgemm_128x128_nt,48,0.0,18730.185,18730.185,14
medium-b4-c1024-train_step-fp32-w5-n1,medium,4,1024,train_step,fp32,cuda_kernel_or_activity,void cutlass::Kernel2<cutlass_80_simt_sgemm_128x64_8x5_nt_align1>(cutlass_80_simt_sgemm_128x64_8x5_nt_align1::Params),96,0.0,18532.236,18532.236,15
