time_us,active_mib,reserved_mib
1786439213049352,13540.425781,13178.000000
1786439213050439,13549.801270,13180.000000
1786439213050650,13549.801270,13180.000000
1786439213051101,13553.974121,13180.000000
1786439213051491,13556.989258,13180.000000
1786439213052229,13585.739746,13220.000000
1786439213052642,13590.114746,13220.000000
1786439213052858,13591.506348,13220.000000
1786439213053143,13596.052246,13220.000000
1786439213053899,13624.802734,13260.000000
1786439213054312,13633.553223,13260.000000
1786439213054456,13633.553223,13260.000000
1786439213054923,13637.116699,13280.000000
1786439213055253,13641.366211,13280.000000
1786439213055887,13671.366699,13300.000000
1786439213056188,13674.491699,13300.000000
1786439213056563,13674.633305,13320.000000
1786439213056873,13680.429199,13320.000000
1786439213057448,13709.180176,13340.000000
1786439213057830,13716.055176,13340.000000
1786439213057972,13716.055176,13340.000000
1786439213058476,13722.243652,13360.000000
1786439213058850,13734.493164,13360.000000
1786439213059545,13756.368652,13380.000000
1786439213059895,13757.618652,13400.000000
1786439213060139,13759.760258,13400.000000
1786439213060451,13764.806641,13400.000000
1786439213061023,13791.057129,13420.000000
1786439213062775,13799.182129,13440.000000
1786439213063460,13799.182129,13440.000000
1786439213064546,13803.370605,13440.000000
1786439213066566,13822.620117,13460.000000
1786439213068715,13839.495605,13480.000000
1786439213069181,13840.120605,13480.000000
1786439213069807,13842.887207,13480.000000
1786439213070595,13846.683594,13480.000000
1786439213072274,13874.184570,13520.000000
1786439213073165,13882.934082,13520.000000
1786439213073505,13881.684082,13520.000000
1786439213074146,13887.747559,13520.000000
1786439213075554,13910.747070,13560.000000
1786439213076679,13923.872559,13560.000000
1786439213076979,13923.247559,13560.000000
1786439213077419,13924.014160,13560.000000
1786439213078015,13929.811035,13560.000000
1786439213079275,13957.311035,13600.000000
1786439213079949,13965.436035,13600.000000
1786439213080196,13963.562012,13600.000000
1786439213081003,13968.874512,13620.000000
1786439213082042,14000.124023,13640.000000
1786439213082722,14006.374512,13640.000000
1786439213082970,14007.624512,13640.000000
1786439213083540,14007.156738,13660.000000
1786439213084056,14012.937500,13660.000000
1786439213084881,14040.438477,13680.000000
1786439213085639,14048.562988,13682.000000
1786439213085893,14046.704590,13682.000000
1786439213086562,14053.251465,13702.000000
1786439213087448,14084.500977,13722.000000
1786439213087983,14089.501465,13722.000000
1786439213088433,14090.751465,13742.000000
1786439213088740,14090.314941,13742.000000
1786439213089147,14096.064941,13742.000000
1786439213089874,14123.565430,13762.000000
1786439213090614,14131.064941,13782.000000
1786439213090824,14129.831543,13782.000000
1786439213091211,14135.128418,13782.000000
1786439213092134,14167.627930,13822.000000
1786439213092622,14172.003418,13822.000000
1786439213092813,14173.253418,13822.000000
1786439213093089,14175.441895,13822.000000
1786439213093462,14179.191406,13822.000000
1786439213094319,14206.691895,13862.000000
1786439213094740,14212.941895,13862.000000
1786439213094996,14216.958496,13862.000000
1786439213095321,14219.505371,13862.000000
1786439213096144,14249.504883,13902.000000
1786439213096627,14256.380371,13902.000000
1786439213096788,14255.755371,13902.000000
1786439213097028,14260.553223,13902.000000
1786439213097534,14263.568359,13922.000000
1786439213098244,14292.318848,13942.000000
1786439213098645,14297.318848,13942.000000
1786439213098857,14298.085449,13942.000000
1786439213099397,14302.631348,13962.000000
1786439213099967,14331.381836,13982.000000
1786439213100389,14340.132324,13982.000000
1786439213100527,14340.132324,13982.000000
1786439213100994,14343.695801,14002.000000
1786439213101399,14352.945312,14002.000000
1786439213102014,14377.945801,14022.000000
1786439213102331,14381.070801,14022.000000
1786439213102719,14381.212406,14042.000000
1786439213103051,14388.258301,14042.000000
1786439213103644,14415.759277,14062.000000
1786439213104064,14422.634277,14062.000000
1786439213104411,14423.259277,14082.000000
1786439213104702,14428.822754,14082.000000
1786439213105266,14436.072266,14102.000000
1786439213105922,14462.322754,14122.000000
1786439213106208,14463.572754,14122.000000
1786439213106448,14466.339359,14122.000000
1786439213106776,14471.385742,14122.000000
1786439213107526,14498.886230,14162.000000
1786439213107949,14505.136230,14162.000000
1786439213108102,14505.761230,14162.000000
1786439213108400,14511.199707,14162.000000
1786439213108947,14529.199219,14182.000000
1786439213109702,14546.699707,14202.000000
1786439213109904,14546.074707,14202.000000
1786439213110146,14549.466309,14202.000000
1786439213110470,14553.263184,14202.000000
1786439213111221,14580.763672,14242.000000
1786439213111642,14589.513184,14242.000000
1786439213111775,14588.263184,14242.000000
1786439213112105,14592.326660,14242.000000
1786439213112841,14617.326172,14282.000000
1786439213113404,14630.451660,14282.000000
1786439213113548,14629.826660,14282.000000
1786439213113783,14630.608887,14282.000000
1786439213114344,14636.390137,14302.000000
1786439213114917,14663.890137,14322.000000
1786439213115327,14672.015137,14322.000000
1786439213115468,14670.141113,14322.000000
1786439213116014,14676.703613,14342.000000
1786439213116658,14706.703125,14362.000000
1786439213117118,14712.953613,14362.000000
1786439213117281,14714.203613,14362.000000
1786439213117725,14713.767090,14382.000000
1786439213118068,14719.516602,14382.000000
1786439213118646,14747.017578,14402.000000
1786439213119246,14754.517090,14422.000000
1786439213119439,14753.283691,14422.000000
1786439213119791,14758.580566,14422.000000
1786439213120464,14791.080078,14442.000000
1786439213121072,14795.455566,14462.000000
1786439213121243,14797.330566,14462.000000
1786439213121502,14798.894043,14462.000000
1786439213121820,14802.644043,14462.000000
1786439213122569,14830.144043,14502.000000
1786439213122986,14837.644043,14502.000000
1786439213123227,14840.410645,14502.000000
1786439213123539,14842.957520,14502.000000
1786439213124299,14872.957031,14542.000000
1786439213145560,14888.855965,14562.000000
1786439213147099,15008.756355,14790.000000
1786439213147386,15011.255867,14790.000000
1786439213148188,15201.255867,14990.000000
1786439213153553,15282.505867,15090.000000
1786439213153986,15280.016121,15190.000000
1786439213154122,15280.015144,15190.000000
1786439213163474,15307.265144,15190.000000
1786439213175175,15301.249519,15190.000000
1786439213175590,15299.702644,15190.000000
1786439213175788,15298.452644,15190.000000
1786439213176035,15322.202644,15190.000000
1786439213176380,15369.702644,15190.000000
1786439213176516,15365.963387,15190.000000
1786439213176918,15464.711922,15290.000000
1786439213177526,15555.961922,15490.000000
1786439213177891,15642.221687,15590.000000
1786439213178232,15637.221687,15590.000000
1786439213178553,15664.221199,15590.000000
1786439213178705,15659.705574,15590.000000
1786439213178852,15659.658699,15590.000000
1786439213179087,15656.283699,15590.000000
1786439213179254,15655.658699,15590.000000
1786439213179592,15706.908699,15590.000000
1786439213179795,15728.168953,15590.000000
1786439213179910,15728.167976,15590.000000
1786439213180521,15918.167976,15790.000000
1786439213180939,16000.667976,15890.000000
1786439213181256,15996.928230,15990.000000
1786439213181385,15996.927254,15990.000000
1786439213181723,16024.177254,15990.000000
1786439213181844,16018.161629,15990.000000
1786439213182068,16015.989754,15990.000000
1786439213182249,16015.364754,15990.000000
1786439213182444,16040.364754,15990.000000
1786439213182775,16086.614754,15990.000000
1786439213182895,16082.875984,15990.000000
1786439213183253,16181.624031,16090.000000
1786439213183844,16277.874031,16290.000000
1786439213184197,16359.133797,16390.000000
1786439213184308,16354.134285,16390.000000
1786439213184599,16381.133308,16390.000000
1786439213184747,16376.617683,16390.000000
1786439213184882,16376.570808,16390.000000
1786439213185122,16373.195808,16390.000000
1786439213185288,16373.820808,16390.000000
1786439213185630,16423.820808,16390.000000
1786439213185824,16445.080574,16390.000000
1786439213185947,16445.080086,16390.000000
1786439213186501,16535.080086,16590.000000
1786439213186944,16717.580086,16690.000000
1786439213187249,16715.090340,16790.000000
1786439213187364,16713.839363,16790.000000
1786439213187686,16741.089363,16790.000000
1786439213187806,16735.073738,16790.000000
1786439213188028,16732.901863,16790.000000
1786439213188206,16732.901863,16790.000000
1786439213188398,16757.276863,16790.000000
1786439213188710,16803.526863,16790.000000
1786439213188844,16799.788094,16790.000000
1786439213189199,16903.536140,16890.000000
1786439213189878,16994.786140,17090.000000
1786439213190239,17076.036140,17190.000000
1786439213190361,17071.046394,17190.000000
1786439213190652,17098.045418,17190.000000
1786439213190801,17093.545418,17190.000000
1786439213190931,17093.482918,17190.000000
1786439213191174,17090.732918,17190.000000
1786439213191338,17090.732918,17190.000000
1786439213191667,17140.732918,17190.000000
1786439213191872,17161.992683,17190.000000
1786439213191999,17163.242195,17190.000000
1786439213192595,17251.992195,17390.000000
1786439213193007,17434.492195,17490.000000
1786439213193328,17432.002449,17590.000000
1786439213193459,17430.751472,17590.000000
1786439213193790,17458.001472,17590.000000
1786439213193918,17451.985847,17590.000000
1786439213194133,17449.188972,17590.000000
1786439213194325,17449.813972,17590.000000
1786439213194494,17474.188972,17590.000000
1786439213194837,17520.438972,17590.000000
1786439213194975,17516.700203,17590.000000
1786439213195344,17620.448250,17690.000000
1786439213195945,17711.698250,17890.000000
1786439213196293,17792.948250,17990.000000
1786439213196421,17787.958504,17990.000000
1786439213196697,17812.957527,17990.000000
1786439213196859,17810.457527,17990.000000
1786439213196983,17808.395027,17990.000000
1786439213197231,17807.645027,17990.000000
1786439213197399,17807.645027,17990.000000
1786439213197742,17857.645027,17990.000000
1786439213197934,17877.654793,17990.000000
1786439213198069,17880.154305,17990.000000
1786439213198646,17973.904305,18190.000000
1786439213199077,18151.404305,18290.000000
1786439213199397,18148.914558,18390.000000
1786439213199526,18148.913582,18390.000000
1786439213199853,18174.913582,18390.000000
1786439213199976,18168.913582,18390.000000
1786439213200191,18166.101082,18390.000000
1786439213200378,18166.726082,18390.000000
1786439213200557,18191.101082,18390.000000
1786439213200899,18262.351082,18390.000000
1786439213201040,18233.612312,18390.000000
1786439213201404,18337.360359,18490.000000
1786439213202039,18428.610359,18690.000000
1786439213202400,18509.860359,18790.000000
1786439213202525,18504.870613,18790.000000
1786439213202803,18529.869637,18790.000000
1786439213202952,18527.369637,18790.000000
1786439213203095,18525.307137,18790.000000
1786439213203334,18524.557137,18790.000000
1786439213203505,18524.557137,18790.000000
1786439213203828,18573.307137,18790.000000
1786439213204035,18594.566902,18790.000000
1786439213204164,18597.066414,18790.000000
1786439213204757,18690.816414,18990.000000
1786439213205163,18868.316414,19090.000000
1786439213205481,18865.826668,19190.000000
1786439213205601,18865.825691,19190.000000
1786439213205925,18893.825691,19190.000000
1786439213206044,18885.825691,19190.000000
1786439213206240,18882.388191,19190.000000
1786439213206434,18883.638191,19190.000000
1786439213206594,18906.763191,19190.000000
1786439213206946,18979.263191,19190.000000
1786439213207086,18950.524910,19190.000000
1786439213207434,19054.272469,19290.000000
1786439213208049,19145.522469,19490.000000
1786439213208389,19225.522469,19590.000000
1786439213208515,19221.782722,19590.000000
1786439213208730,19245.531746,19590.000000
1786439213208926,19244.281746,19590.000000
1786439213209064,19242.234871,19590.000000
1786439213209294,19241.469246,19590.000000
1786439213209456,19240.219246,19590.000000
1786439213209789,19290.219246,19590.000000
1786439213209975,19310.229012,19590.000000
1786439213210120,19313.978523,19590.000000
1786439213210714,19407.728523,19790.000000
1786439213211119,19590.228523,19890.000000
1786439213211427,19582.738777,19990.000000
1786439213211544,19582.737801,19990.000000
1786439213211862,19610.737801,19990.000000
1786439213211965,19602.737801,19990.000000
1786439213212176,19599.300301,19990.000000
1786439213212369,19601.175301,19990.000000
1786439213212529,19623.675301,19990.000000
1786439213212863,19696.175301,19990.000000
1786439213213007,19667.437019,19990.000000
1786439213213364,19771.184578,20090.000000
1786439213213981,19867.434578,20290.000000
1786439213214324,19942.434578,20390.000000
1786439213214452,19938.695320,20390.000000
1786439213214668,19962.443855,20390.000000
1786439213214862,19961.209480,20390.000000
1786439213215000,19959.146980,20390.000000
1786439213215220,19957.131355,20390.000000
1786439213215382,19957.131355,20390.000000
1786439213215706,20007.131355,20390.000000
1786439213215893,20027.141121,20390.000000
1786439213216031,20030.890633,20390.000000
1786439213216619,20124.640633,20590.000000
1786439213217028,20307.140633,20690.000000
1786439213217336,20300.900887,20790.000000
1786439213217467,20299.649910,20790.000000
1786439213217778,20327.649910,20790.000000
1786439213217880,20319.649910,20790.000000
1786439213218022,20315.587410,20790.000000
1786439213218288,20318.087410,20790.000000
1786439213218446,20340.587410,20790.000000
1786439213218777,20413.087410,20790.000000
1786439213218917,20384.349129,20790.000000
1786439213219217,20483.096687,20890.000000
1786439213219868,20584.346687,21090.000000
1786439213220635,20658.096687,21190.000000
1786439213220773,20655.607430,21190.000000
1786439213221001,20704.355965,21190.000000
1786439213221194,20678.121590,21190.000000
1786439213221325,20676.059090,21190.000000
1786439213221552,20674.043465,21190.000000
1786439213221711,20674.043465,21190.000000
1786439213222036,20749.043465,21190.000000
1786439213222217,20744.053230,21190.000000
1786439213222346,20746.552742,21190.000000
1786439213222970,20841.552742,21390.000000
1786439213223415,21024.052742,21490.000000
1786439213223763,21017.812996,21590.000000
1786439213223881,21017.812019,21590.000000
1786439213224187,21044.562019,21590.000000
1786439213224275,21034.562019,21590.000000
1786439213224427,21032.499519,21590.000000
1786439213224683,21034.999519,21590.000000
1786439213224810,21032.499519,21590.000000
1786439213225172,21129.999519,21590.000000
1786439213225302,21101.261238,21590.000000
1786439213225630,21200.008797,21690.000000
1786439213226266,21301.258797,21890.000000
1786439213226598,21375.008797,21990.000000
1786439213226724,21372.519539,21990.000000
1786439213226934,21421.268074,21990.000000
1786439213227126,21395.033699,21990.000000
1786439213227258,21392.971199,21990.000000
1786439213227475,21390.955574,21990.000000
1786439213227631,21391.580574,21990.000000
1786439213227948,21465.955574,21990.000000
1786439213228128,21462.215340,21990.000000
1786439213228257,21463.464851,21990.000000
1786439213228849,21563.464851,22190.000000
1786439213229236,21740.964851,22290.000000
1786439213229561,21734.725105,22390.000000
1786439213229688,21734.724129,22390.000000
1786439213229991,21759.474129,22390.000000
1786439213230086,21751.474129,22390.000000
1786439213230242,21749.411629,22390.000000
1786439213230490,21751.911629,22390.000000
1786439213230624,21749.411629,22390.000000
1786439213230936,21821.911629,22390.000000
1786439213231111,21818.173347,22390.000000
1786439213231428,21816.920906,22490.000000
1786439213232073,22018.170906,22690.000000
1786439213232406,22093.170906,22790.000000
1786439213232530,22089.431648,22790.000000
1786439213232728,22138.180183,22790.000000
1786439213232924,22111.945808,22790.000000
1786439213233055,22109.883308,22790.000000
1786439213233271,22108.492683,22790.000000
1786439213233437,22108.492683,22790.000000
1786439213233752,22182.867683,22790.000000
1786439213233940,22179.127449,22790.000000
1786439213234054,22179.126961,22790.000000
1786439213234664,22280.376961,22990.000000
1786439213235022,22456.626961,23090.000000
1786439213235362,22451.637215,23190.000000
1786439213235483,22451.636238,23190.000000
1786439213235785,22476.386238,23190.000000
1786439213235878,22468.386238,23190.000000
1786439213236024,22467.573738,23190.000000
1786439213236278,22468.823738,23190.000000
1786439213236412,22467.573738,23190.000000
1786439213236723,22538.823738,23190.000000
1786439213236890,22535.084969,23190.000000
1786439213237199,22533.833015,23290.000000
1786439213237840,22730.083015,23490.000000
1786439213238181,22810.083015,23590.000000
1786439213238310,22806.344246,23590.000000
1786439213238515,22855.092293,23590.000000
1786439213238713,22828.857918,23590.000000
1786439213238844,22828.795418,23590.000000
1786439213239060,22825.404793,23590.000000
1786439213239217,22825.404793,23590.000000
1786439213239526,22899.779793,23590.000000
1786439213239713,22896.039558,23590.000000
1786439213239827,22896.039070,23590.000000
1786439213240426,22997.289070,23790.000000
1786439213240781,23173.539070,23890.000000
1786439213241110,23168.548836,23990.000000
1786439213241237,23168.548347,23990.000000
1786439213241541,23193.298347,23990.000000
1786439213241636,23187.298347,23990.000000
1786439213241784,23184.485847,23990.000000
1786439213242023,23185.110847,23990.000000
1786439213242170,23184.485847,23990.000000
1786439213242480,23256.985847,23990.000000
1786439213242647,23251.997078,23990.000000
1786439213242736,23250.745125,23990.000000
1786439213243590,23446.995125,24290.000000
1786439213243932,23526.995125,24390.000000
1786439213244064,23523.256355,24390.000000
1786439213244266,23572.004402,24390.000000
1786439213244464,23547.770027,24390.000000
1786439213244594,23545.707527,24390.000000
1786439213244802,23542.316902,24390.000000
1786439213244965,23542.316902,24390.000000
1786439213245228,23591.691902,24390.000000
1786439213245473,23612.951668,24390.000000
1786439213245583,23611.701180,24390.000000
1786439213246195,23714.201180,24590.000000
1786439213246534,23790.451180,24690.000000
1786439213246893,23885.460945,24790.000000
1786439213247020,23885.460457,24790.000000
1786439213247308,23908.210457,24790.000000
1786439213247418,23904.210457,24790.000000
1786439213247568,23901.397957,24790.000000
1786439213247812,23902.022957,24790.000000
1786439213247961,23901.397957,24790.000000
1786439213248285,23973.897957,24790.000000
1786439213248446,23968.908699,24790.000000
1786439213248549,23967.657234,24790.000000
1786439213249408,24158.907234,25090.000000
1786439213249783,24243.907234,25190.000000
1786439213249913,24240.168465,25190.000000
1786439213250076,24263.916512,25190.000000
1786439213250330,24264.682137,25190.000000
1786439213250461,24262.619637,25190.000000
1786439213250677,24259.229012,25190.000000
1786439213250847,24259.854012,25190.000000
1786439213251121,24308.604012,25190.000000
1786439213251360,24331.113777,25190.000000
1786439213251471,24328.613289,25190.000000
1786439213252089,24436.113289,25390.000000
1786439213252433,24507.363289,25490.000000
1786439213252805,24602.373055,25590.000000
1786439213252939,24603.622566,25590.000000
1786439213253234,24625.122566,25590.000000
1786439213253336,24621.122566,25590.000000
1786439213253505,24618.310066,25590.000000
1786439213253737,24618.310066,25590.000000
1786439213253892,24618.310066,25590.000000
1786439213254215,24690.810066,25590.000000
1786439213254379,24685.820808,25590.000000
1786439213254480,24685.819344,25590.000000
1786439213255317,24875.819344,25890.000000
1786439213255687,24960.819344,25990.000000
1786439213255818,24957.080574,25990.000000
1786439213255980,24980.828621,25990.000000
1786439213256227,24981.594246,25990.000000
1786439213256360,24979.531746,25990.000000
1786439213256575,24977.391121,25990.000000
1786439213256744,24976.766121,25990.000000
1786439213257011,25026.766121,25990.000000
1786439213257250,25048.025887,25990.000000
1786439213257370,25045.525887,25990.000000
1786439213257997,25153.025398,26190.000000
1786439213258347,25224.275398,26290.000000
1786439213258703,25318.035164,26390.000000
1786439213258846,25320.534676,26390.000000
1786439213259151,25340.034676,26390.000000
1786439213259272,25338.034676,26390.000000
1786439213259435,25336.472176,26390.000000
1786439213259672,25335.222176,26390.000000
1786439213259816,25333.972176,26390.000000
1786439213260162,25407.722176,26390.000000
1786439213260315,25402.732430,26390.000000
1786439213260428,25402.731453,26390.000000
1786439213261291,25592.731453,26690.000000
1786439213261687,25678.981453,26790.000000
1786439213261825,25673.992683,26790.000000
1786439213261994,25698.990730,26790.000000
1786439213262244,25698.506355,26790.000000
1786439213262375,25696.443859,26790.000000
1786439213262591,25694.303230,26790.000000
1786439213262753,25693.678230,26790.000000
1786439213263027,25743.678230,26790.000000
1786439213263262,25764.937996,26790.000000
1786439213263373,25762.437996,26790.000000
1786439213263995,25869.937508,26990.000000
1786439213264344,25946.187508,27090.000000
1786439213264697,26034.947273,27190.000000
1786439213264833,26037.446785,27190.000000
1786439213265121,26056.946785,27190.000000
1786439213265223,26054.931160,27190.000000
1786439213265403,26053.384285,27190.000000
1786439213265626,26051.509285,27190.000000
1786439213265781,26050.884285,27190.000000
1786439213266121,26124.634285,27190.000000
1786439213266276,26119.644539,27190.000000
1786439213266389,26119.643562,27190.000000
1786439213267246,26409.643562,27490.000000
1786439213267613,26395.893562,27590.000000
1786439213267742,26390.905281,27590.000000
1786439213267902,26415.902840,27590.000000
1786439213268155,26417.418465,27590.000000
1786439213268290,26413.355968,27590.000000
1786439213268497,26411.215340,27590.000000
1786439213268663,26410.590340,27590.000000
1786439213268947,26460.590340,27590.000000
1786439213269180,26481.850105,27590.000000
1786439213269292,26479.350105,27590.000000
1786439213308839,26574.509774,27688.000000
1786439213350126,26893.568359,27936.000000
1786439213351678,27593.607422,28666.000000
1786439213353274,28368.617188,29422.000000
1786439213354733,28868.646484,29930.000000
1786439213356185,29368.685547,30438.000000
1786439213357746,30068.724609,31168.000000
1786439213359264,30793.763672,31898.000000
1786439213360861,31568.773438,32654.000000
1786439213362404,32068.802734,33162.000000
1786439213363884,32568.841797,33670.000000
1786439213365401,33268.880859,34400.000000
1786439213366950,33993.919922,35130.000000
1786439213368538,34768.919922,35886.000000
1786439213370024,35268.958984,36394.000000
1786439213371474,35743.998047,36902.000000
1786439213373016,36469.037109,37632.000000
1786439213374451,37194.076172,38336.000000
1786439213376159,37969.076172,39118.000000
1786439213377650,38469.115234,39626.000000
1786439213379185,38944.154297,40134.000000
1786439213380732,39669.193359,40864.000000
1786439213383100,40394.232422,41568.000000
1786439213384814,41169.232422,42350.000000
1786439213386303,41569.271484,42858.000000
1786439213387806,42144.310547,43366.000000
1786439213389229,42869.349609,44070.000000
1786439213390798,43594.388672,44800.000000
1786439213392527,44269.388672,45582.000000
1786439213394091,44769.427734,46090.000000
1786439213395618,45344.466797,46598.000000
1786439213397097,46069.505859,47302.000000
1786439213398727,46794.544922,48032.000000
1786439213400496,47469.544922,48814.000000
1786439213402048,47969.583984,49322.000000
1786439213403444,48544.623047,49804.000000
1786439213405056,49269.662109,50534.000000
1786439213406703,49969.701172,51264.000000
1786439213408493,50669.701172,52046.000000
1786439213409913,51169.740234,52454.000000
1786439213411540,51744.779297,53036.000000
1786439213447388,52662.806641,53956.000000
1786439213448999,53162.826172,54564.000000
1786439213450466,53887.865234,55220.000000
1786439213451915,54562.884766,55876.000000
1786439213453356,55137.923828,56458.000000
1786439213454895,55862.953125,57188.000000
1786439213456467,56362.982422,57796.000000
1786439213457759,57088.021484,58426.000000
1786439213459257,57763.041016,59108.000000
1786439213460604,58313.080078,59690.000000
1786439213462042,59063.109375,60420.000000
1786439213463527,59563.138672,61028.000000
1786439213464793,60288.177734,61658.000000
1786439213466300,60963.197266,62340.000000
1786439213467653,61513.236328,62922.000000
1786439213469103,62263.265625,63652.000000
1786439213470460,62763.294922,64160.000000
1786439213471876,63488.333984,64890.000000
1786439213473452,64063.353516,65572.000000
1786439213474827,64713.392578,66154.000000
1786439213476275,65463.412109,66884.000000
1786439213476417,65463.441406,66982.000000
1786439213476417,65561.097656,66982.000000
1786439213505129,65088.412109,66982.000000
1786439213505162,64563.373047,66982.000000
1786439213505188,63913.353516,66982.000000
1786439213505216,63463.314453,66982.000000
1786439213505244,62763.294922,66982.000000
1786439213505271,62263.275391,66982.000000
1786439213505298,61663.236328,66982.000000
1786439213505325,61088.216797,66982.000000
1786439213505378,60663.177734,66982.000000
1786439213505407,59938.158203,66982.000000
1786439213505436,59463.128906,66982.000000
1786439213505465,58763.099609,66982.000000
1786439213505494,58263.080078,66982.000000
1786439213505524,57763.041016,66982.000000
1786439213505555,57113.021484,66982.000000
1786439213505583,56662.982422,66982.000000
1786439213505611,55937.962891,66982.000000
1786439213505640,55462.943359,66982.000000
1786439213505670,54862.904297,66982.000000
1786439213505695,54287.884766,66982.000000
1786439213505725,53762.845703,66982.000000
1786439213505768,53137.826172,66982.000000
1786439213535329,52565.150391,66982.000000
