timestamp_utc,model_size,mode,dtype,batch_size,context_length,warmup_steps,measurement_steps,mean_ms,std_ms,cv,raw_timings_ms,parameter_count,device_name,torch_version,cuda_version,active_bytes,peak_active_bytes,allocated_bytes,peak_allocated_bytes,reserved_bytes,peak_reserved_bytes,command
2026-07-22T13:57:45.138095+00:00,small,forward,fp32,4,512,5,10,8.677817630767823,0.0277552090499919,0.003198408889302285,"[8.679360389709473, 8.65824031829834, 8.72982406616211, 8.704959869384766, 8.701567649841309, 8.66153621673584, 8.681599617004395, 8.641440391540527, 8.671903610229492, 8.647744178771973]",128625408,NVIDIA H200,2.11.0+cu128,12.8,549694464,789134336,549694464,789134336,950009856,950009856,profiling/benchmark.py --model-size small --batch-size 4 --context-length 512 --mode forward --dtype fp32 --seed 0 --warmup 5 --steps 10 --track-memory --output results/mixed_precision_benchmark.jsonl
2026-07-22T13:57:50.654110+00:00,small,forward_backward,fp32,4,512,5,10,30.952210998535158,0.06865800903382342,0.0022181940100199217,"[30.915231704711914, 30.892927169799805, 30.88559913635254, 30.877599716186523, 30.979007720947266, 30.934656143188477, 30.97382354736328, 30.94748878479004, 31.100831985473633, 31.014944076538086]",128625408,NVIDIA H200,2.11.0+cu128,12.8,1108498432,4410354688,1108498432,4410354688,4571791360,4571791360,profiling/benchmark.py --model-size small --batch-size 4 --context-length 512 --mode forward_backward --dtype fp32 --seed 0 --warmup 5 --steps 10 --track-memory --output results/mixed_precision_benchmark.jsonl
2026-07-22T13:57:55.495680+00:00,small,forward,bf16,4,512,5,10,8.360643291473389,0.0378429607885372,0.004526321656029912,"[8.428640365600586, 8.376864433288574, 8.30953598022461, 8.404895782470703, 8.334624290466309, 8.34447956085205, 8.387840270996094, 8.348832130432129, 8.322400093078613, 8.348320007324219]",128625408,NVIDIA H200,2.11.0+cu128,12.8,549694464,979450880,549694464,979450880,1017118720,1017118720,profiling/benchmark.py --model-size small --batch-size 4 --context-length 512 --mode forward --dtype bf16 --seed 0 --warmup 5 --steps 10 --track-memory --output results/mixed_precision_benchmark.jsonl
2026-07-22T13:58:00.471121+00:00,small,forward_backward,bf16,4,512,5,10,27.95475196838379,0.06964494327208064,0.002491345419585462,"[27.932735443115234, 28.04819107055664, 27.964832305908203, 27.939456939697266, 27.844736099243164, 28.01366424560547, 28.0100154876709, 27.93187141418457, 28.014144897460938, 27.847871780395508]",128625408,NVIDIA H200,2.11.0+cu128,12.8,1120032768,3531059200,1120032768,3531059200,3783262208,3783262208,profiling/benchmark.py --model-size small --batch-size 4 --context-length 512 --mode forward_backward --dtype bf16 --seed 0 --warmup 5 --steps 10 --track-memory --output results/mixed_precision_benchmark.jsonl
2026-07-22T13:58:08.387770+00:00,medium,forward,fp32,4,512,5,10,21.206521224975585,0.02809936530637092,0.0013250341726618233,"[21.20867156982422, 21.222431182861328, 21.27667236328125, 21.19811248779297, 21.21183967590332, 21.193119049072266, 21.19443130493164, 21.174463272094727, 21.199615478515625, 21.185855865478516]",423183360,NVIDIA H200,2.11.0+cu128,12.8,1728417792,2047582208,1728417792,2047582208,2166358016,2166358016,profiling/benchmark.py --model-size medium --batch-size 4 --context-length 512 --mode forward --dtype fp32 --seed 0 --warmup 5 --steps 10 --track-memory --output results/mixed_precision_benchmark.jsonl
2026-07-22T13:58:17.389759+00:00,medium,forward_backward,fp32,4,512,5,10,72.83224639892578,1.013413607883514,0.01391435329802571,"[72.3852767944336, 72.33724975585938, 73.6402587890625, 72.37596893310547, 72.60034942626953, 72.44818878173828, 72.28617858886719, 72.40243530273438, 72.36246490478516, 75.48409271240234]",423183360,NVIDIA H200,2.11.0+cu128,12.8,3455688704,11392995328,3455688704,11392995328,11836325888,11836325888,profiling/benchmark.py --model-size medium --batch-size 4 --context-length 512 --mode forward_backward --dtype fp32 --seed 0 --warmup 5 --steps 10 --track-memory --output results/mixed_precision_benchmark.jsonl
2026-07-22T13:58:25.318683+00:00,medium,forward,bf16,4,512,5,10,20.770831871032716,0.052124436709078785,0.0025095016431081044,"[20.734464645385742, 20.68694305419922, 20.725120544433594, 20.7959041595459, 20.833759307861328, 20.733055114746094, 20.843231201171875, 20.81475257873535, 20.750335693359375, 20.790752410888672]",423183360,NVIDIA H200,2.11.0+cu128,12.8,1728417792,2754322432,1728417792,2754322432,2820669440,2820669440,profiling/benchmark.py --model-size medium --batch-size 4 --context-length 512 --mode forward --dtype bf16 --seed 0 --warmup 5 --steps 10 --track-memory --output results/mixed_precision_benchmark.jsonl
2026-07-22T13:58:34.311382+00:00,medium,forward_backward,bf16,4,512,5,10,63.06080932617188,0.2139176138343832,0.003392243393641347,"[62.96422576904297, 62.8985595703125, 62.98124694824219, 63.10441589355469, 62.97536087036133, 63.6352653503418, 63.13030242919922, 63.00406265258789, 62.98175811767578, 62.93289566040039]",423183360,NVIDIA H200,2.11.0+cu128,12.8,3457163264,9093526528,3457163264,9093526528,9374269440,9374269440,profiling/benchmark.py --model-size medium --batch-size 4 --context-length 512 --mode forward_backward --dtype bf16 --seed 0 --warmup 5 --steps 10 --track-memory --output results/mixed_precision_benchmark.jsonl
2026-07-22T13:58:45.716694+00:00,large,forward,fp32,4,512,5,10,40.21397438049316,0.023017360566962214,0.0005723721895572546,"[40.20431900024414, 40.24505615234375, 40.22275161743164, 40.2239990234375, 40.18732833862305, 40.198368072509766, 40.223297119140625, 40.17097473144531, 40.23334503173828, 40.23030471801758]",969411840,NVIDIA H200,2.11.0+cu128,12.8,4024611840,4423500800,4024611840,4423500800,4594860032,4594860032,profiling/benchmark.py --model-size large --batch-size 4 --context-length 512 --mode forward --dtype fp32 --seed 0 --warmup 5 --steps 10 --track-memory --output results/mixed_precision_benchmark.jsonl
2026-07-22T13:58:58.554985+00:00,large,forward_backward,fp32,4,512,5,10,143.73479156494142,0.10508521127077246,0.0007311049059635187,"[143.83743286132812, 143.8555145263672, 143.71702575683594, 143.6444854736328, 143.84230041503906, 143.55506896972656, 143.806396484375, 143.66278076171875, 143.78668212890625, 143.64022827148438]",969411840,NVIDIA H200,2.11.0+cu128,12.8,7935813632,21809492992,7935813632,21809492992,22017998848,22017998848,profiling/benchmark.py --model-size large --batch-size 4 --context-length 512 --mode forward_backward --dtype fp32 --seed 0 --warmup 5 --steps 10 --track-memory --output results/mixed_precision_benchmark.jsonl
2026-07-22T13:59:09.439389+00:00,large,forward,bf16,4,512,5,10,38.179833221435544,0.08612261402282062,0.0022557095397281166,"[38.267391204833984, 38.08793640136719, 38.31961441040039, 38.10960006713867, 38.21865463256836, 38.09580612182617, 38.2303352355957, 38.117984771728516, 38.25030517578125, 38.100704193115234]",969411840,NVIDIA H200,2.11.0+cu128,12.8,4024611840,6192317440,4024611840,6192317440,6450839552,6450839552,profiling/benchmark.py --model-size large --batch-size 4 --context-length 512 --mode forward --dtype bf16 --seed 0 --warmup 5 --steps 10 --track-memory --output results/mixed_precision_benchmark.jsonl
2026-07-22T13:59:21.652130+00:00,large,forward_backward,bf16,4,512,5,10,116.66835479736328,0.07386457042231555,0.0006331157283447431,"[116.61158752441406, 116.6561279296875, 116.74710083007812, 116.68415832519531, 116.5797119140625, 116.63670349121094, 116.78214263916016, 116.76396942138672, 116.64067077636719, 116.58137512207031]",969411840,NVIDIA H200,2.11.0+cu128,12.8,7951935488,17873985536,7951935488,17873985536,18515755008,18515755008,profiling/benchmark.py --model-size large --batch-size 4 --context-length 512 --mode forward_backward --dtype bf16 --seed 0 --warmup 5 --steps 10 --track-memory --output results/mixed_precision_benchmark.jsonl
2026-07-22T13:59:41.288252+00:00,xl,forward,fp32,4,512,5,10,79.7058204650879,3.3031560513582803,0.041441842416076784,"[77.49334716796875, 77.66409301757812, 77.97586822509766, 77.60275268554688, 77.95043182373047, 78.1146240234375, 85.46002960205078, 86.06208038330078, 80.4544677734375, 78.28050994873047]",3406809600,NVIDIA H200,2.11.0+cu128,12.8,13795928064,14459156480,13795928064,14459156480,14636023808,14636023808,profiling/benchmark.py --model-size xl --batch-size 4 --context-length 512 --mode forward --dtype fp32 --seed 0 --warmup 5 --steps 10 --track-memory --output results/mixed_precision_benchmark.jsonl
2026-07-22T14:00:04.064372+00:00,xl,forward_backward,fp32,4,512,5,10,289.7559539794922,0.9577533661243074,0.0033053794166110336,"[290.0290222167969, 288.8345031738281, 290.3524169921875, 288.5538024902344, 288.9580993652344, 289.9971008300781, 291.6624755859375, 289.6509094238281, 290.5321044921875, 288.9891052246094]",3406809600,NVIDIA H200,2.11.0+cu128,12.8,27457081344,43165801472,27457081344,43165801472,44600131584,44600131584,profiling/benchmark.py --model-size xl --batch-size 4 --context-length 512 --mode forward_backward --dtype fp32 --seed 0 --warmup 5 --steps 10 --track-memory --output results/mixed_precision_benchmark.jsonl
2026-07-22T14:00:23.073618+00:00,xl,forward,bf16,4,512,5,10,65.40780181884766,0.07930315427198682,0.0012124418198860053,"[65.34854125976562, 65.44451141357422, 65.36598205566406, 65.46243286132812, 65.5080337524414, 65.34925079345703, 65.31990051269531, 65.55427551269531, 65.35123443603516, 65.37385559082031]",3406809600,NVIDIA H200,2.11.0+cu128,12.8,13795928064,20858091520,13795928064,20858091520,21380464640,21380464640,profiling/benchmark.py --model-size xl --batch-size 4 --context-length 512 --mode forward --dtype bf16 --seed 0 --warmup 5 --steps 10 --track-memory --output results/mixed_precision_benchmark.jsonl
2026-07-22T14:00:44.430669+00:00,xl,forward_backward,bf16,4,512,5,10,214.57972106933593,0.10405545486958497,0.0004849267878205607,"[214.5386505126953, 214.4420166015625, 214.71881103515625, 214.6844482421875, 214.48162841796875, 214.51055908203125, 214.58554077148438, 214.60195922851562, 214.73680114746094, 214.49679565429688]",3406809600,NVIDIA H200,2.11.0+cu128,12.8,27457081344,40087641088,27457081344,40087641088,46498054144,46498054144,profiling/benchmark.py --model-size xl --batch-size 4 --context-length 512 --mode forward_backward --dtype bf16 --seed 0 --warmup 5 --steps 10 --track-memory --output results/mixed_precision_benchmark.jsonl
2026-07-22T14:01:45.979751+00:00,10B,forward,fp32,4,512,5,10,235.51244354248047,8.664215742339538,0.03678878114470726,"[230.37571716308594, 228.56214904785156, 233.4126434326172, 253.19171142578125, 233.2562255859375, 229.1866912841797, 231.7553253173828, 249.66339111328125, 235.14291381835938, 230.57766723632812]",12832823808,NVIDIA H200,2.11.0+cu128,12.8,51575318528,52406351872,51575318528,52406351872,52634320896,52634320896,profiling/benchmark.py --model-size 10B --batch-size 4 --context-length 512 --mode forward --dtype fp32 --seed 0 --warmup 5 --steps 10 --track-memory --output results/mixed_precision_benchmark.jsonl
2026-07-22T14:02:55.440916+00:00,10B,forward_backward,fp32,4,512,5,10,874.4253356933593,1.0184207290731238,0.0011646743152353722,"[873.7313842773438, 872.7476196289062, 874.7858276367188, 874.6155395507812, 875.2181396484375, 876.38330078125, 873.29443359375, 874.2298583984375, 874.7080078125, 874.5392456054688]",12832823808,NVIDIA H200,2.11.0+cu128,12.8,102940168192,111824821248,102940168192,111824821248,146951634944,146951634944,profiling/benchmark.py --model-size 10B --batch-size 4 --context-length 512 --mode forward_backward --dtype fp32 --seed 0 --warmup 5 --steps 10 --track-memory --output results/mixed_precision_benchmark.jsonl
2026-07-22T14:03:56.479363+00:00,10B,forward,bf16,4,512,5,10,174.5015853881836,2.4988567897838907,0.014319966115064885,"[179.172607421875, 175.11004638671875, 172.7496337890625, 172.5162811279297, 171.87548828125, 173.2906494140625, 178.1460418701172, 175.74520874023438, 173.67674255371094, 172.733154296875]",12832823808,NVIDIA H200,2.11.0+cu128,12.8,51575318528,77334673408,51575318528,77334673408,84284538880,84284538880,profiling/benchmark.py --model-size 10B --batch-size 4 --context-length 512 --mode forward --dtype bf16 --seed 0 --warmup 5 --steps 10 --track-memory --output results/mixed_precision_benchmark.jsonl
2026-07-22T14:05:03.617215+00:00,10B,forward_backward,bf16,4,512,5,10,597.2115905761718,0.8743437887594251,0.001464043569408766,"[595.853271484375, 597.1871948242188, 597.8005981445312, 596.2879638671875, 595.9891967773438, 598.0240478515625, 597.86669921875, 597.4816284179688, 598.2899780273438, 597.3353271484375]",12832823808,NVIDIA H200,2.11.0+cu128,12.8,102940397568,118039141376,102940397568,118039141376,132038787072,132038787072,profiling/benchmark.py --model-size 10B --batch-size 4 --context-length 512 --mode forward_backward --dtype bf16 --seed 0 --warmup 5 --steps 10 --track-memory --output results/mixed_precision_benchmark.jsonl
