run_name,record_type,model_size,mode,dtype,batch_size,context_length,warmup,steps,measurement,phase,value_ms,count,mean_ms,sample_std_ms,cv,min_ms,max_ms,peak_allocated_mib,peak_reserved_mib,command
timings_small_forward_fp32,measurement,small,forward,fp32,4,512,5,10,1,forward,11.506578885,,,,,,,,,
timings_small_forward_fp32,measurement,small,forward,fp32,4,512,5,10,2,forward,11.640254408,,,,,,,,,
timings_small_forward_fp32,measurement,small,forward,fp32,4,512,5,10,3,forward,11.610246263,,,,,,,,,
timings_small_forward_fp32,measurement,small,forward,fp32,4,512,5,10,4,forward,11.576834135,,,,,,,,,
timings_small_forward_fp32,measurement,small,forward,fp32,4,512,5,10,5,forward,11.610902846,,,,,,,,,
timings_small_forward_fp32,measurement,small,forward,fp32,4,512,5,10,6,forward,11.448422447,,,,,,,,,
timings_small_forward_fp32,measurement,small,forward,fp32,4,512,5,10,7,forward,11.393833905,,,,,,,,,
timings_small_forward_fp32,measurement,small,forward,fp32,4,512,5,10,8,forward,11.451981030,,,,,,,,,
timings_small_forward_fp32,measurement,small,forward,fp32,4,512,5,10,9,forward,11.499792337,,,,,,,,,
timings_small_forward_fp32,measurement,small,forward,fp32,4,512,5,10,10,forward,11.432965286,,,,,,,,,
timings_small_forward_fp32,summary,small,forward,fp32,4,512,5,10,,forward,,10,11.517181154,0.086827303,0.007538937,11.393833905,11.640254408,,,
timings_small_forward_fp32,measurement,small,forward,fp32,4,512,5,10,1,total,11.543802917,,,,,,,,,
timings_small_forward_fp32,measurement,small,forward,fp32,4,512,5,10,2,total,11.664144695,,,,,,,,,
timings_small_forward_fp32,measurement,small,forward,fp32,4,512,5,10,3,total,11.632080190,,,,,,,,,
timings_small_forward_fp32,measurement,small,forward,fp32,4,512,5,10,4,total,11.599535123,,,,,,,,,
timings_small_forward_fp32,measurement,small,forward,fp32,4,512,5,10,5,total,11.634674855,,,,,,,,,
timings_small_forward_fp32,measurement,small,forward,fp32,4,512,5,10,6,total,11.470505968,,,,,,,,,
timings_small_forward_fp32,measurement,small,forward,fp32,4,512,5,10,7,total,11.415699497,,,,,,,,,
timings_small_forward_fp32,measurement,small,forward,fp32,4,512,5,10,8,total,11.473502032,,,,,,,,,
timings_small_forward_fp32,measurement,small,forward,fp32,4,512,5,10,9,total,11.521916837,,,,,,,,,
timings_small_forward_fp32,measurement,small,forward,fp32,4,512,5,10,10,total,11.454909109,,,,,,,,,
timings_small_forward_fp32,summary,small,forward,fp32,4,512,5,10,,total,,10,11.541077122,0.087350356,0.007568648,11.415699497,11.664144695,752.577,906.000,python profiling/benchmark.py --model-size small --batch-size 4 --context-length 512 --mode forward --warmup 5 --steps 10 --dtype fp32 --output results/timings_small_forward_fp32.csv
timings_small_forward_backward_fp32,measurement,small,forward_backward,fp32,4,512,5,10,1,forward,14.003262855,,,,,,,,,
timings_small_forward_backward_fp32,measurement,small,forward_backward,fp32,4,512,5,10,2,forward,13.903276064,,,,,,,,,
timings_small_forward_backward_fp32,measurement,small,forward_backward,fp32,4,512,5,10,3,forward,13.805619441,,,,,,,,,
timings_small_forward_backward_fp32,measurement,small,forward_backward,fp32,4,512,5,10,4,forward,13.958292082,,,,,,,,,
timings_small_forward_backward_fp32,measurement,small,forward_backward,fp32,4,512,5,10,5,forward,13.951504603,,,,,,,,,
timings_small_forward_backward_fp32,measurement,small,forward_backward,fp32,4,512,5,10,6,forward,14.031574130,,,,,,,,,
timings_small_forward_backward_fp32,measurement,small,forward_backward,fp32,4,512,5,10,7,forward,13.912128285,,,,,,,,,
timings_small_forward_backward_fp32,measurement,small,forward_backward,fp32,4,512,5,10,8,forward,13.913550414,,,,,,,,,
timings_small_forward_backward_fp32,measurement,small,forward_backward,fp32,4,512,5,10,9,forward,13.771793805,,,,,,,,,
timings_small_forward_backward_fp32,measurement,small,forward_backward,fp32,4,512,5,10,10,forward,13.910270296,,,,,,,,,
timings_small_forward_backward_fp32,summary,small,forward_backward,fp32,4,512,5,10,,forward,,10,13.916127197,0.079733050,0.005729543,13.771793805,14.031574130,,,
timings_small_forward_backward_fp32,measurement,small,forward_backward,fp32,4,512,5,10,1,backward,23.644388653,,,,,,,,,
timings_small_forward_backward_fp32,measurement,small,forward_backward,fp32,4,512,5,10,2,backward,23.663253523,,,,,,,,,
timings_small_forward_backward_fp32,measurement,small,forward_backward,fp32,4,512,5,10,3,backward,23.560848087,,,,,,,,,
timings_small_forward_backward_fp32,measurement,small,forward_backward,fp32,4,512,5,10,4,backward,23.742198013,,,,,,,,,
timings_small_forward_backward_fp32,measurement,small,forward_backward,fp32,4,512,5,10,5,backward,23.717992008,,,,,,,,,
timings_small_forward_backward_fp32,measurement,small,forward_backward,fp32,4,512,5,10,6,backward,23.643870838,,,,,,,,,
timings_small_forward_backward_fp32,measurement,small,forward_backward,fp32,4,512,5,10,7,backward,23.612717167,,,,,,,,,
timings_small_forward_backward_fp32,measurement,small,forward_backward,fp32,4,512,5,10,8,backward,23.658862337,,,,,,,,,
timings_small_forward_backward_fp32,measurement,small,forward_backward,fp32,4,512,5,10,9,backward,23.715714924,,,,,,,,,
timings_small_forward_backward_fp32,measurement,small,forward_backward,fp32,4,512,5,10,10,backward,23.780993186,,,,,,,,,
timings_small_forward_backward_fp32,summary,small,forward_backward,fp32,4,512,5,10,,backward,,10,23.674083874,0.065372477,0.002761352,23.560848087,23.780993186,,,
timings_small_forward_backward_fp32,measurement,small,forward_backward,fp32,4,512,5,10,1,total,37.704564631,,,,,,,,,
timings_small_forward_backward_fp32,measurement,small,forward_backward,fp32,4,512,5,10,2,total,37.606944330,,,,,,,,,
timings_small_forward_backward_fp32,measurement,small,forward_backward,fp32,4,512,5,10,3,total,37.402267568,,,,,,,,,
timings_small_forward_backward_fp32,measurement,small,forward_backward,fp32,4,512,5,10,4,total,37.738564424,,,,,,,,,
timings_small_forward_backward_fp32,measurement,small,forward_backward,fp32,4,512,5,10,5,total,37.706522271,,,,,,,,,
timings_small_forward_backward_fp32,measurement,small,forward_backward,fp32,4,512,5,10,6,total,37.712323479,,,,,,,,,
timings_small_forward_backward_fp32,measurement,small,forward_backward,fp32,4,512,5,10,7,total,37.560260855,,,,,,,,,
timings_small_forward_backward_fp32,measurement,small,forward_backward,fp32,4,512,5,10,8,total,37.610624917,,,,,,,,,
timings_small_forward_backward_fp32,measurement,small,forward_backward,fp32,4,512,5,10,9,total,37.523323670,,,,,,,,,
timings_small_forward_backward_fp32,measurement,small,forward_backward,fp32,4,512,5,10,10,total,37.728440948,,,,,,,,,
timings_small_forward_backward_fp32,summary,small,forward_backward,fp32,4,512,5,10,,total,,10,37.629383709,0.109887902,0.002920268,37.402267568,37.738564424,4206.042,4408.000,python profiling/benchmark.py --model-size small --batch-size 4 --context-length 512 --mode forward_backward --warmup 5 --steps 10 --dtype fp32 --output results/timings_small_forward_backward_fp32.csv
timings_small_train_step_fp32,measurement,small,train_step,fp32,4,512,5,10,1,zero_grad,0.220227987,,,,,,,,,
timings_small_train_step_fp32,measurement,small,train_step,fp32,4,512,5,10,2,zero_grad,0.217039138,,,,,,,,,
timings_small_train_step_fp32,measurement,small,train_step,fp32,4,512,5,10,3,zero_grad,0.219165348,,,,,,,,,
timings_small_train_step_fp32,measurement,small,train_step,fp32,4,512,5,10,4,zero_grad,0.219793059,,,,,,,,,
timings_small_train_step_fp32,measurement,small,train_step,fp32,4,512,5,10,5,zero_grad,0.224911608,,,,,,,,,
timings_small_train_step_fp32,measurement,small,train_step,fp32,4,512,5,10,6,zero_grad,0.223036855,,,,,,,,,
timings_small_train_step_fp32,measurement,small,train_step,fp32,4,512,5,10,7,zero_grad,0.218993984,,,,,,,,,
timings_small_train_step_fp32,measurement,small,train_step,fp32,4,512,5,10,8,zero_grad,0.216616318,,,,,,,,,
timings_small_train_step_fp32,measurement,small,train_step,fp32,4,512,5,10,9,zero_grad,0.228603370,,,,,,,,,
timings_small_train_step_fp32,measurement,small,train_step,fp32,4,512,5,10,10,zero_grad,0.219619833,,,,,,,,,
timings_small_train_step_fp32,summary,small,train_step,fp32,4,512,5,10,,zero_grad,,10,0.220800750,0.003698595,0.016750824,0.216616318,0.228603370,,,
timings_small_train_step_fp32,measurement,small,train_step,fp32,4,512,5,10,1,forward,14.660751447,,,,,,,,,
timings_small_train_step_fp32,measurement,small,train_step,fp32,4,512,5,10,2,forward,14.610935934,,,,,,,,,
timings_small_train_step_fp32,measurement,small,train_step,fp32,4,512,5,10,3,forward,14.565190300,,,,,,,,,
timings_small_train_step_fp32,measurement,small,train_step,fp32,4,512,5,10,4,forward,14.701715671,,,,,,,,,
timings_small_train_step_fp32,measurement,small,train_step,fp32,4,512,5,10,5,forward,14.581640251,,,,,,,,,
timings_small_train_step_fp32,measurement,small,train_step,fp32,4,512,5,10,6,forward,14.595684595,,,,,,,,,
timings_small_train_step_fp32,measurement,small,train_step,fp32,4,512,5,10,7,forward,14.529600739,,,,,,,,,
timings_small_train_step_fp32,measurement,small,train_step,fp32,4,512,5,10,8,forward,14.589020051,,,,,,,,,
timings_small_train_step_fp32,measurement,small,train_step,fp32,4,512,5,10,9,forward,14.688532799,,,,,,,,,
timings_small_train_step_fp32,measurement,small,train_step,fp32,4,512,5,10,10,forward,14.601413161,,,,,,,,,
timings_small_train_step_fp32,summary,small,train_step,fp32,4,512,5,10,,forward,,10,14.612448495,0.054864325,0.003754629,14.529600739,14.701715671,,,
timings_small_train_step_fp32,measurement,small,train_step,fp32,4,512,5,10,1,backward,24.619536474,,,,,,,,,
timings_small_train_step_fp32,measurement,small,train_step,fp32,4,512,5,10,2,backward,24.514213204,,,,,,,,,
timings_small_train_step_fp32,measurement,small,train_step,fp32,4,512,5,10,3,backward,24.505610578,,,,,,,,,
timings_small_train_step_fp32,measurement,small,train_step,fp32,4,512,5,10,4,backward,24.585670792,,,,,,,,,
timings_small_train_step_fp32,measurement,small,train_step,fp32,4,512,5,10,5,backward,24.545744993,,,,,,,,,
timings_small_train_step_fp32,measurement,small,train_step,fp32,4,512,5,10,6,backward,24.614713155,,,,,,,,,
timings_small_train_step_fp32,measurement,small,train_step,fp32,4,512,5,10,7,backward,24.266427383,,,,,,,,,
timings_small_train_step_fp32,measurement,small,train_step,fp32,4,512,5,10,8,backward,24.273978546,,,,,,,,,
timings_small_train_step_fp32,measurement,small,train_step,fp32,4,512,5,10,9,backward,24.495846592,,,,,,,,,
timings_small_train_step_fp32,measurement,small,train_step,fp32,4,512,5,10,10,backward,24.641586468,,,,,,,,,
timings_small_train_step_fp32,summary,small,train_step,fp32,4,512,5,10,,backward,,10,24.506332818,0.134337244,0.005481736,24.266427383,24.641586468,,,
timings_small_train_step_fp32,measurement,small,train_step,fp32,4,512,5,10,1,optimizer,14.004740864,,,,,,,,,
timings_small_train_step_fp32,measurement,small,train_step,fp32,4,512,5,10,2,optimizer,13.955436647,,,,,,,,,
timings_small_train_step_fp32,measurement,small,train_step,fp32,4,512,5,10,3,optimizer,14.054970816,,,,,,,,,
timings_small_train_step_fp32,measurement,small,train_step,fp32,4,512,5,10,4,optimizer,14.038315043,,,,,,,,,
timings_small_train_step_fp32,measurement,small,train_step,fp32,4,512,5,10,5,optimizer,14.005551115,,,,,,,,,
timings_small_train_step_fp32,measurement,small,train_step,fp32,4,512,5,10,6,optimizer,14.045787044,,,,,,,,,
timings_small_train_step_fp32,measurement,small,train_step,fp32,4,512,5,10,7,optimizer,13.955480419,,,,,,,,,
timings_small_train_step_fp32,measurement,small,train_step,fp32,4,512,5,10,8,optimizer,18.095206469,,,,,,,,,
timings_small_train_step_fp32,measurement,small,train_step,fp32,4,512,5,10,9,optimizer,13.960971497,,,,,,,,,
timings_small_train_step_fp32,measurement,small,train_step,fp32,4,512,5,10,10,optimizer,14.024472795,,,,,,,,,
timings_small_train_step_fp32,summary,small,train_step,fp32,4,512,5,10,,optimizer,,10,14.414093271,1.293948018,0.089769644,13.955436647,18.095206469,,,
timings_small_train_step_fp32,measurement,small,train_step,fp32,4,512,5,10,1,total,53.574091755,,,,,,,,,
timings_small_train_step_fp32,measurement,small,train_step,fp32,4,512,5,10,2,total,53.358775564,,,,,,,,,
timings_small_train_step_fp32,measurement,small,train_step,fp32,4,512,5,10,3,total,53.406264633,,,,,,,,,
timings_small_train_step_fp32,measurement,small,train_step,fp32,4,512,5,10,4,total,53.602806292,,,,,,,,,
timings_small_train_step_fp32,measurement,small,train_step,fp32,4,512,5,10,5,total,53.414642811,,,,,,,,,
timings_small_train_step_fp32,measurement,small,train_step,fp32,4,512,5,10,6,total,53.536974825,,,,,,,,,
timings_small_train_step_fp32,measurement,small,train_step,fp32,4,512,5,10,7,total,53.025740199,,,,,,,,,
timings_small_train_step_fp32,measurement,small,train_step,fp32,4,512,5,10,8,total,57.229682803,,,,,,,,,
timings_small_train_step_fp32,measurement,small,train_step,fp32,4,512,5,10,9,total,53.430887870,,,,,,,,,
timings_small_train_step_fp32,measurement,small,train_step,fp32,4,512,5,10,10,total,53.544261493,,,,,,,,,
timings_small_train_step_fp32,summary,small,train_step,fp32,4,512,5,10,,total,,10,53.812412824,1.211959679,0.022521935,53.025740199,57.229682803,5204.392,5576.000,python profiling/benchmark.py --model-size small --batch-size 4 --context-length 512 --mode train_step --warmup 5 --steps 10 --dtype fp32 --output results/timings_small_train_step_fp32.csv
timings_small_train_step_fp32_warmup0,measurement,small,train_step,fp32,4,512,0,10,1,zero_grad,0.909004360,,,,,,,,,
timings_small_train_step_fp32_warmup0,measurement,small,train_step,fp32,4,512,0,10,2,zero_grad,0.266794115,,,,,,,,,
timings_small_train_step_fp32_warmup0,measurement,small,train_step,fp32,4,512,0,10,3,zero_grad,0.223769806,,,,,,,,,
timings_small_train_step_fp32_warmup0,measurement,small,train_step,fp32,4,512,0,10,4,zero_grad,0.214876607,,,,,,,,,
timings_small_train_step_fp32_warmup0,measurement,small,train_step,fp32,4,512,0,10,5,zero_grad,0.212477520,,,,,,,,,
timings_small_train_step_fp32_warmup0,measurement,small,train_step,fp32,4,512,0,10,6,zero_grad,0.215207227,,,,,,,,,
timings_small_train_step_fp32_warmup0,measurement,small,train_step,fp32,4,512,0,10,7,zero_grad,0.215108506,,,,,,,,,
timings_small_train_step_fp32_warmup0,measurement,small,train_step,fp32,4,512,0,10,8,zero_grad,0.249301083,,,,,,,,,
timings_small_train_step_fp32_warmup0,measurement,small,train_step,fp32,4,512,0,10,9,zero_grad,0.215968117,,,,,,,,,
timings_small_train_step_fp32_warmup0,measurement,small,train_step,fp32,4,512,0,10,10,zero_grad,0.229106285,,,,,,,,,
timings_small_train_step_fp32_warmup0,summary,small,train_step,fp32,4,512,0,10,,zero_grad,,10,0.295161363,0.216416798,0.733215200,0.212477520,0.909004360,,,
timings_small_train_step_fp32_warmup0,measurement,small,train_step,fp32,4,512,0,10,1,forward,460.885426961,,,,,,,,,
timings_small_train_step_fp32_warmup0,measurement,small,train_step,fp32,4,512,0,10,2,forward,20.432537422,,,,,,,,,
timings_small_train_step_fp32_warmup0,measurement,small,train_step,fp32,4,512,0,10,3,forward,15.148989856,,,,,,,,,
timings_small_train_step_fp32_warmup0,measurement,small,train_step,fp32,4,512,0,10,4,forward,14.970577322,,,,,,,,,
timings_small_train_step_fp32_warmup0,measurement,small,train_step,fp32,4,512,0,10,5,forward,14.869567007,,,,,,,,,
timings_small_train_step_fp32_warmup0,measurement,small,train_step,fp32,4,512,0,10,6,forward,14.797782525,,,,,,,,,
timings_small_train_step_fp32_warmup0,measurement,small,train_step,fp32,4,512,0,10,7,forward,14.774819836,,,,,,,,,
timings_small_train_step_fp32_warmup0,measurement,small,train_step,fp32,4,512,0,10,8,forward,16.805279069,,,,,,,,,
timings_small_train_step_fp32_warmup0,measurement,small,train_step,fp32,4,512,0,10,9,forward,14.797239564,,,,,,,,,
timings_small_train_step_fp32_warmup0,measurement,small,train_step,fp32,4,512,0,10,10,forward,14.845624566,,,,,,,,,
timings_small_train_step_fp32_warmup0,summary,small,train_step,fp32,4,512,0,10,,forward,,10,60.232784413,140.786179180,2.337367939,14.774819836,460.885426961,,,
timings_small_train_step_fp32_warmup0,measurement,small,train_step,fp32,4,512,0,10,1,backward,175.748260692,,,,,,,,,
timings_small_train_step_fp32_warmup0,measurement,small,train_step,fp32,4,512,0,10,2,backward,25.335175917,,,,,,,,,
timings_small_train_step_fp32_warmup0,measurement,small,train_step,fp32,4,512,0,10,3,backward,25.107938796,,,,,,,,,
timings_small_train_step_fp32_warmup0,measurement,small,train_step,fp32,4,512,0,10,4,backward,24.427221157,,,,,,,,,
timings_small_train_step_fp32_warmup0,measurement,small,train_step,fp32,4,512,0,10,5,backward,25.011823513,,,,,,,,,
timings_small_train_step_fp32_warmup0,measurement,small,train_step,fp32,4,512,0,10,6,backward,26.518223807,,,,,,,,,
timings_small_train_step_fp32_warmup0,measurement,small,train_step,fp32,4,512,0,10,7,backward,24.773281068,,,,,,,,,
timings_small_train_step_fp32_warmup0,measurement,small,train_step,fp32,4,512,0,10,8,backward,24.958577007,,,,,,,,,
timings_small_train_step_fp32_warmup0,measurement,small,train_step,fp32,4,512,0,10,9,backward,24.718539789,,,,,,,,,
timings_small_train_step_fp32_warmup0,measurement,small,train_step,fp32,4,512,0,10,10,backward,24.656147696,,,,,,,,,
timings_small_train_step_fp32_warmup0,summary,small,train_step,fp32,4,512,0,10,,backward,,10,40.125518944,47.656447217,1.187684259,24.427221157,175.748260692,,,
timings_small_train_step_fp32_warmup0,measurement,small,train_step,fp32,4,512,0,10,1,optimizer,15.123437159,,,,,,,,,
timings_small_train_step_fp32_warmup0,measurement,small,train_step,fp32,4,512,0,10,2,optimizer,14.411218464,,,,,,,,,
timings_small_train_step_fp32_warmup0,measurement,small,train_step,fp32,4,512,0,10,3,optimizer,14.299035072,,,,,,,,,
timings_small_train_step_fp32_warmup0,measurement,small,train_step,fp32,4,512,0,10,4,optimizer,14.357469045,,,,,,,,,
timings_small_train_step_fp32_warmup0,measurement,small,train_step,fp32,4,512,0,10,5,optimizer,14.297873713,,,,,,,,,
timings_small_train_step_fp32_warmup0,measurement,small,train_step,fp32,4,512,0,10,6,optimizer,14.421822503,,,,,,,,,
timings_small_train_step_fp32_warmup0,measurement,small,train_step,fp32,4,512,0,10,7,optimizer,14.298022725,,,,,,,,,
timings_small_train_step_fp32_warmup0,measurement,small,train_step,fp32,4,512,0,10,8,optimizer,14.332818799,,,,,,,,,
timings_small_train_step_fp32_warmup0,measurement,small,train_step,fp32,4,512,0,10,9,optimizer,14.313773252,,,,,,,,,
timings_small_train_step_fp32_warmup0,measurement,small,train_step,fp32,4,512,0,10,10,optimizer,14.335647225,,,,,,,,,
timings_small_train_step_fp32_warmup0,summary,small,train_step,fp32,4,512,0,10,,optimizer,,10,14.419111796,0.251491634,0.017441548,14.297873713,15.123437159,,,
timings_small_train_step_fp32_warmup0,measurement,small,train_step,fp32,4,512,0,10,1,total,652.743516490,,,,,,,,,
timings_small_train_step_fp32_warmup0,measurement,small,train_step,fp32,4,512,0,10,2,total,60.508253984,,,,,,,,,
timings_small_train_step_fp32_warmup0,measurement,small,train_step,fp32,4,512,0,10,3,total,54.841015488,,,,,,,,,
timings_small_train_step_fp32_warmup0,measurement,small,train_step,fp32,4,512,0,10,4,total,54.026744328,,,,,,,,,
timings_small_train_step_fp32_warmup0,measurement,small,train_step,fp32,4,512,0,10,5,total,54.448246025,,,,,,,,,
timings_small_train_step_fp32_warmup0,measurement,small,train_step,fp32,4,512,0,10,6,total,56.013206951,,,,,,,,,
timings_small_train_step_fp32_warmup0,measurement,small,train_step,fp32,4,512,0,10,7,total,54.118609056,,,,,,,,,
timings_small_train_step_fp32_warmup0,measurement,small,train_step,fp32,4,512,0,10,8,total,56.407026947,,,,,,,,,
timings_small_train_step_fp32_warmup0,measurement,small,train_step,fp32,4,512,0,10,9,total,54.102255031,,,,,,,,,
timings_small_train_step_fp32_warmup0,measurement,small,train_step,fp32,4,512,0,10,10,total,54.127326235,,,,,,,,,
timings_small_train_step_fp32_warmup0,summary,small,train_step,fp32,4,512,0,10,,total,,10,115.133620054,188.907313359,1.640765862,54.026744328,652.743516490,5201.938,5496.000,python profiling/benchmark.py --model-size small --batch-size 4 --context-length 512 --mode train_step --warmup 0 --steps 10 --dtype fp32 --output results/timings_small_train_step_fp32_warmup0.csv
