implementation,batch_size,sequence_length,head_dim,dtype,is_causal,phase,warmup_ms,rep_ms,p20_ms,p50_ms,p80_ms,peak_allocated_mib,peak_reserved_mib,speedup_vs_eager,query_tile,key_tile,num_warps,num_stages,status,error_type
eager,1,512,64,bfloat16,True,forward,100,300,0.026623999699950218,0.026623999699950218,0.027488000690937042,9.6953125,278.0,1.0,,,,,ok,
compiled,1,512,64,bfloat16,True,forward,100,300,0.01228800043463707,0.013311999849975109,0.013311999849975109,8.9375,278.0,2.0,,,,,ok,
triton,1,512,64,bfloat16,True,forward,100,300,0.020800000056624413,0.021503999829292297,0.021503999829292297,8.439453125,278.0,1.2380952339705456,64,64,4,2,ok,
eager,1,512,64,bfloat16,True,backward,100,300,0.032896000891923904,0.03379200026392937,0.03379200026392937,18.875,280.0,1.0,,,,,ok,
compiled,1,512,64,bfloat16,True,backward,100,300,0.024607999250292778,0.025567999109625816,0.025599999353289604,17.75,278.0,1.321652121428907,,,,,ok,
triton,1,512,64,bfloat16,True,backward,100,300,0.04095999896526337,0.041120000183582306,0.04198399931192398,19.44140625,280.0,0.821789886018076,64,64,4,2,ok,
eager,1,512,64,bfloat16,True,forward_backward,100,300,0.1894720047712326,0.193743996322155,0.20191360116004944,18.875,280.0,1.0,,,,,ok,
compiled,1,512,64,bfloat16,True,forward_backward,100,300,0.10035199671983719,0.10444799810647964,0.11264000087976456,17.625,278.0,1.8549325964547683,,,,,ok,
triton,1,512,64,bfloat16,True,forward_backward,100,300,0.13516800105571747,0.1382399946451187,0.14336000382900238,19.44140625,280.0,1.4015046573137013,64,64,4,2,ok,
eager,1,512,128,bfloat16,True,forward,100,300,0.025599999353289604,0.026464000344276428,0.026623999699950218,18.1328125,278.0,1.0,,,,,ok,
compiled,1,512,128,bfloat16,True,forward,100,300,0.02252800017595291,0.02348800003528595,0.023552000522613525,17.375,278.0,1.1267030102401074,,,,,ok,
triton,1,512,128,bfloat16,True,forward,100,300,0.020479999482631683,0.021247999742627144,0.021503999829292297,16.876953125,278.0,1.2454819589998907,32,64,4,2,ok,
eager,1,512,128,bfloat16,True,backward,100,300,0.035840000957250595,0.03686400130391121,0.03686400130391121,19.25,280.0,1.0,,,,,ok,
compiled,1,512,128,bfloat16,True,backward,100,300,0.02969600073993206,0.030719999223947525,0.030719999223947525,18.25,278.0,1.2000000727595779,,,,,ok,
triton,1,512,128,bfloat16,True,backward,100,300,0.08908800035715103,0.09216000139713287,0.09932799637317657,20.001953125,280.0,0.40000000808439723,32,64,4,2,ok,
eager,1,512,128,bfloat16,True,forward_backward,100,300,0.1945600062608719,0.19846400618553162,0.2035199999809265,19.25,280.0,1.0,,,,,ok,
compiled,1,512,128,bfloat16,True,forward_backward,100,300,0.14423680305480957,0.15052799880504608,0.16896000504493713,18.0,278.0,1.3184524325110378,,,,,ok,
triton,1,512,128,bfloat16,True,forward_backward,100,300,0.19865599274635315,0.20294400304555893,0.22671359777450567,20.001953125,280.0,0.9779249606157537,32,64,4,2,ok,
eager,1,2048,64,bfloat16,True,forward,100,300,0.07372800260782242,0.07372800260782242,0.07475200295448303,37.53125,298.0,1.0,,,,,ok,
compiled,1,2048,64,bfloat16,True,forward,100,300,0.16896000504493713,0.16896000504493713,0.16998399794101715,25.5,298.0,0.43636363876891154,,,,,ok,
triton,1,2048,64,bfloat16,True,forward,100,300,0.07475200295448303,0.07475200295448303,0.07487999647855759,17.5078125,278.0,0.9863013657669597,64,64,4,2,ok,
eager,1,2048,64,bfloat16,True,backward,100,300,0.09011200070381165,0.09113600105047226,0.09216000139713287,53.75,320.0,1.0,,,,,ok,
compiled,1,2048,64,bfloat16,True,backward,100,300,0.06451199948787689,0.06451199948787689,0.0655359998345375,34.25,300.0,1.4126984401963631,,,,,ok,
triton,1,2048,64,bfloat16,True,backward,100,300,0.19068799912929535,0.19148799777030945,0.19167999923229218,58.515625,332.0,0.4759358399046515,64,64,4,2,ok,
eager,1,2048,64,bfloat16,True,forward_backward,100,300,0.20419840514659882,0.24883200228214264,0.27238398790359497,53.75,320.0,1.0,,,,,ok,
compiled,1,2048,64,bfloat16,True,forward_backward,100,300,0.35020801424980164,0.35020801424980164,0.35123199224472046,33.75,300.0,0.7105262933950222,,,,,ok,
triton,1,2048,64,bfloat16,True,forward_backward,100,300,0.26009601354599,0.26015999913215637,0.2611199915409088,58.515625,332.0,0.9564575765382775,64,64,4,2,ok,
eager,1,2048,128,bfloat16,True,forward,100,300,0.07884799689054489,0.07884799689054489,0.0798719972372055,38.78125,300.0,1.0,,,,,ok,
compiled,1,2048,128,bfloat16,True,forward,100,300,0.17525119781494142,0.17612800002098083,0.17612800002098083,26.75,300.0,0.4476744008968041,,,,,ok,
triton,1,2048,128,bfloat16,True,forward,100,300,0.07168000191450119,0.07168000191450119,0.07267200201749802,18.7578125,280.0,1.0999999272404257,32,64,4,2,ok,
eager,1,2048,128,bfloat16,True,backward,100,300,0.10444799810647964,0.10444799810647964,0.10547199845314026,55.25,322.0,1.0,,,,,ok,
compiled,1,2048,128,bfloat16,True,backward,100,300,0.07680000364780426,0.07680000364780426,0.07779199630022049,36.25,302.0,1.3599999107482574,,,,,ok,
triton,1,2048,128,bfloat16,True,backward,100,300,0.211776003241539,0.21196800470352173,0.21270400285720825,60.765625,336.0,0.4927536033212672,32,64,4,2,ok,
eager,1,2048,128,bfloat16,True,forward_backward,100,300,0.187391996383667,0.18943999707698822,0.19353599846363068,55.25,324.0,1.0,,,,,ok,
compiled,1,2048,128,bfloat16,True,forward_backward,100,300,0.37376001477241516,0.374752014875412,0.374783992767334,35.25,302.0,0.5055076145220151,,,,,ok,
triton,1,2048,128,bfloat16,True,forward_backward,100,300,0.2764799892902374,0.2764799892902374,0.27750399708747864,60.765625,336.0,0.6851852011543658,32,64,4,2,ok,
eager,1,8192,64,bfloat16,True,forward,100,300,1.6240639686584473,1.6250879764556885,1.6261119842529297,341.375,666.0,1.0,,,,,ok,
compiled,1,8192,64,bfloat16,True,forward,100,300,0.8837119936943054,0.8847360014915466,0.8857600092887878,149.25,410.0,1.8368055258472666,,,,,ok,
triton,1,8192,64,bfloat16,True,forward,100,300,0.2887359857559204,0.2890560030937195,0.289792001247406,21.28125,282.0,5.622052332636706,64,64,4,2,ok,
eager,1,8192,64,bfloat16,True,backward,100,300,2.4003711223602293,2.402240037918091,2.4033279418945312,598.25,926.0,1.0,,,,,ok,
compiled,1,8192,64,bfloat16,True,backward,100,300,1.0598399639129639,1.06496000289917,1.0659840106964111,280.25,542.0,2.255709164079784,,,,,ok,
triton,1,8192,64,bfloat16,True,backward,100,300,2.6030080318450928,2.6060800552368164,2.608128070831299,665.3125,946.0,0.9217829026744144,64,64,4,2,ok,
eager,1,8192,64,bfloat16,True,forward_backward,100,300,3.941375970840454,3.9434239864349365,3.9444479942321777,598.25,926.0,1.0,,,,,ok,
compiled,1,8192,64,bfloat16,True,forward_backward,100,300,2.0244479179382324,2.027519941329956,2.0295679569244385,278.25,542.0,1.9449495445397391,,,,,ok,
triton,1,8192,64,bfloat16,True,forward_backward,100,300,2.880511999130249,2.8835840225219727,2.885632038116455,665.3125,946.0,1.3675425982510583,64,64,4,2,ok,
eager,1,8192,128,bfloat16,True,forward,100,300,1.6476160287857056,1.6506880521774292,1.6537599563598633,346.375,688.0,1.0,,,,,ok,
compiled,1,8192,128,bfloat16,True,forward,100,300,0.9267200231552124,0.9297919869422913,0.9318400025367737,154.25,424.0,1.7753304775252718,,,,,ok,
triton,1,8192,128,bfloat16,True,forward,100,300,0.32178560495376585,0.3235839903354645,0.3246079981327057,26.28125,298.0,5.101266136393632,32,64,4,2,ok,
eager,1,8192,128,bfloat16,True,backward,100,300,2.436095952987671,2.4381439685821533,2.4401919841766357,604.25,938.0,1.0,,,,,ok,
compiled,1,8192,128,bfloat16,True,backward,100,300,1.0915839672088623,1.0956799983978271,1.1028480529785156,288.25,554.0,2.2252336194394005,,,,,ok,
triton,1,8192,128,bfloat16,True,backward,100,300,2.7699201107025146,2.7750399112701416,2.780620813369751,674.3125,938.0,0.8785978027487935,32,64,4,2,ok,
eager,1,8192,128,bfloat16,True,forward_backward,100,300,4.017151832580566,4.020175933837891,4.022412872314453,604.25,938.0,1.0,,,,,ok,
compiled,1,8192,128,bfloat16,True,forward_backward,100,300,2.12992000579834,2.1329920291900635,2.136064052581787,284.25,552.0,1.8847590046383933,,,,,ok,
triton,1,8192,128,bfloat16,True,forward_backward,100,300,3.0556159019470215,3.061728000640869,3.069126415252686,674.3125,938.0,1.3130415023791802,32,64,4,2,ok,
eager,1,16384,64,bfloat16,True,forward,100,300,6.475776195526123,6.476799964904785,6.478387069702149,1306.5,1706.0,1.0,,,,,ok,
triton,1,16384,64,bfloat16,True,forward,100,300,0.737280011177063,0.7383040189743042,0.7393280267715454,26.3125,298.0,8.772537868482337,64,64,4,2,ok,
eager,1,16384,64,bfloat16,True,backward,100,300,9.495552062988281,9.500672340393066,9.50271987915039,2332.25,2602.0,1.0,,,,,ok,
triton,1,16384,64,bfloat16,True,backward,100,300,10.132479667663574,10.141695976257324,10.149478340148926,2594.375,3114.0,0.936793250619526,64,64,4,2,ok,
eager,1,16384,64,bfloat16,True,forward_backward,100,300,15.91799030303955,15.921232223510742,15.923199653625488,2332.25,2602.0,1.0,,,,,ok,
triton,1,16384,64,bfloat16,True,forward_backward,100,300,10.839136123657227,10.846207618713379,10.858495712280273,2594.375,3626.0,1.467907750174469,64,64,4,2,ok,
eager,1,16384,128,bfloat16,True,forward,100,300,6.5136637687683105,6.515711784362793,6.517811298370361,1316.5,1578.0,1.0,,,,,ok,
triton,1,16384,128,bfloat16,True,forward,100,300,1.2299583435058594,1.2320319414138794,1.2349439859390259,36.3125,298.0,5.288589983215341,32,64,4,2,ok,
eager,1,16384,128,bfloat16,True,backward,100,300,9.645875167846679,9.649151802062988,9.651200294494629,2344.25,3114.0,1.0,,,,,ok,
triton,1,16384,128,bfloat16,True,backward,100,300,10.14046745300293,10.147327899932861,10.154188919067384,2612.375,3114.0,0.9509056864247809,32,64,4,2,ok,
eager,1,16384,128,bfloat16,True,forward_backward,100,300,16.119808197021484,16.12395191192627,16.12645072937012,2344.25,3114.0,1.0,,,,,ok,
triton,1,16384,128,bfloat16,True,forward_backward,100,300,11.307007789611816,11.311103820800781,11.320320129394531,2612.375,3666.0,1.4254976496878053,32,64,4,2,ok,
